DateTimeUTC,StageIV_Precip_in,SelectedFile,SourceType,WeightColUsed
2023-01-01 00:00:00+00:00,0.0,st4_conus.2023010100.01h.grb2,conus,WatershedFraction
2023-01-01 01:00:00+00:00,0.0,st4_conus.2023010101.01h.grb2,conus,WatershedFraction
2023-01-01 02:00:00+00:00,0.0,st4_conus.2023010102.01h.grb2,conus,WatershedFraction
2023-01-01 03:00:00+00:00,0.0,st4_conus.2023010103.01h.grb2,conus,WatershedFraction
2023-01-01 04:00:00+00:00,0.0,st4_conus.2023010104.01h.grb2,conus,WatershedFraction
2023-01-01 05:00:00+00:00,0.0,st4_conus.2023010105.01h.grb2,conus,WatershedFraction
2023-01-01 06:00:00+00:00,0.0,st4_conus.2023010106.01h.grb2,conus,WatershedFraction
2023-01-01 07:00:00+00:00,0.0,st4_conus.2023010107.01h.grb2,conus,WatershedFraction
2023-01-01 08:00:00+00:00,0.0,st4_conus.2023010108.01h.grb2,conus,WatershedFraction
2023-01-01 09:00:00+00:00,0.0,st4_conus.2023010109.01h.grb2,conus,WatershedFraction
2023-01-01 10:00:00+00:00,0.0,st4_conus.2023010110.01h.grb2,conus,WatershedFraction
2023-01-01 11:00:00+00:00,0.0,st4_conus.2023010111.01h.grb2,conus,WatershedFraction
2023-01-01 12:00:00+00:00,0.0,st4_conus.2023010112.01h.grb2,conus,WatershedFraction
2023-01-01 13:00:00+00:00,0.0,st4_conus.2023010113.01h.grb2,conus,WatershedFraction
2023-01-01 14:00:00+00:00,0.0,st4_conus.2023010114.01h.grb2,conus,WatershedFraction
2023-01-01 15:00:00+00:00,0.0,st4_conus.2023010115.01h.grb2,conus,WatershedFraction
2023-01-01 16:00:00+00:00,0.0,st4_conus.2023010116.01h.grb2,conus,WatershedFraction
2023-01-01 17:00:00+00:00,0.0,st4_conus.2023010117.01h.grb2,conus,WatershedFraction
2023-01-01 18:00:00+00:00,0.0,st4_conus.2023010118.01h.grb2,conus,WatershedFraction
2023-01-01 19:00:00+00:00,0.0,st4_conus.2023010119.01h.grb2,conus,WatershedFraction
2023-01-01 20:00:00+00:00,0.0,st4_conus.2023010120.01h.grb2,conus,WatershedFraction
2023-01-01 21:00:00+00:00,0.0,st4_conus.2023010121.01h.grb2,conus,WatershedFraction
2023-01-01 22:00:00+00:00,0.0,st4_conus.2023010122.01h.grb2,conus,WatershedFraction
2023-01-01 23:00:00+00:00,0.0,st4_conus.2023010123.01h.grb2,conus,WatershedFraction
2023-01-02 00:00:00+00:00,0.0,st4_conus.2023010200.01h.grb2,conus,WatershedFraction
2023-01-02 01:00:00+00:00,0.0,st4_conus.2023010201.01h.grb2,conus,WatershedFraction
2023-01-02 02:00:00+00:00,0.0,st4_conus.2023010202.01h.grb2,conus,WatershedFraction
2023-01-02 03:00:00+00:00,0.0,st4_conus.2023010203.01h.grb2,conus,WatershedFraction
2023-01-02 04:00:00+00:00,0.0,st4_conus.2023010204.01h.grb2,conus,WatershedFraction
2023-01-02 05:00:00+00:00,0.0,st4_conus.2023010205.01h.grb2,conus,WatershedFraction
2023-01-02 06:00:00+00:00,0.0,st4_conus.2023010206.01h.grb2,conus,WatershedFraction
2023-01-02 07:00:00+00:00,0.0,st4_conus.2023010207.01h.grb2,conus,WatershedFraction
2023-01-02 08:00:00+00:00,0.0,st4_conus.2023010208.01h.grb2,conus,WatershedFraction
2023-01-02 09:00:00+00:00,0.0,st4_conus.2023010209.01h.grb2,conus,WatershedFraction
2023-01-02 10:00:00+00:00,0.0,st4_conus.2023010210.01h.grb2,conus,WatershedFraction
2023-01-02 11:00:00+00:00,0.0,st4_conus.2023010211.01h.grb2,conus,WatershedFraction
2023-01-02 12:00:00+00:00,0.0,st4_conus.2023010212.01h.grb2,conus,WatershedFraction
2023-01-02 13:00:00+00:00,0.0,st4_conus.2023010213.01h.grb2,conus,WatershedFraction
2023-01-02 14:00:00+00:00,0.0,st4_conus.2023010214.01h.grb2,conus,WatershedFraction
2023-01-02 15:00:00+00:00,0.0010949950787401575,st4_conus.2023010215.01h.grb2,conus,WatershedFraction
2023-01-02 16:00:00+00:00,0.0,st4_conus.2023010216.01h.grb2,conus,WatershedFraction
2023-01-02 17:00:00+00:00,0.0006178198818897638,st4_conus.2023010217.01h.grb2,conus,WatershedFraction
2023-01-02 18:00:00+00:00,0.0012356397637795277,st4_conus.2023010218.01h.grb2,conus,WatershedFraction
2023-01-02 19:00:00+00:00,0.056568011811023625,st4_conus.2023010219.01h.grb2,conus,WatershedFraction
2023-01-02 20:00:00+00:00,0.1446288065944882,st4_conus.2023010220.01h.grb2,conus,WatershedFraction
2023-01-02 21:00:00+00:00,0.06659420767716535,st4_conus.2023010221.01h.grb2,conus,WatershedFraction
2023-01-02 22:00:00+00:00,0.046635036909448827,st4_conus.2023010222.01h.grb2,conus,WatershedFraction
2023-01-02 23:00:00+00:00,0.0,st4_conus.2023010223.01h.grb2,conus,WatershedFraction
2023-01-03 00:00:00+00:00,0.0,st4_conus.2023010300.01h.grb2,conus,WatershedFraction
2023-01-03 01:00:00+00:00,0.0,st4_conus.2023010301.01h.grb2,conus,WatershedFraction
2023-01-03 02:00:00+00:00,9.150344488188976e-05,st4_conus.2023010302.01h.grb2,conus,WatershedFraction
2023-01-03 03:00:00+00:00,0.0,st4_conus.2023010303.01h.grb2,conus,WatershedFraction
2023-01-03 04:00:00+00:00,0.0,st4_conus.2023010304.01h.grb2,conus,WatershedFraction
2023-01-03 05:00:00+00:00,0.0,st4_conus.2023010305.01h.grb2,conus,WatershedFraction
2023-01-03 06:00:00+00:00,0.0,st4_conus.2023010306.01h.grb2,conus,WatershedFraction
2023-01-03 07:00:00+00:00,0.0,st4_conus.2023010307.01h.grb2,conus,WatershedFraction
2023-01-03 08:00:00+00:00,0.0,st4_conus.2023010308.01h.grb2,conus,WatershedFraction
2023-01-03 09:00:00+00:00,0.0,st4_conus.2023010309.01h.grb2,conus,WatershedFraction
2023-01-03 10:00:00+00:00,0.0,st4_conus.2023010310.01h.grb2,conus,WatershedFraction
2023-01-03 11:00:00+00:00,0.0,st4_conus.2023010311.01h.grb2,conus,WatershedFraction
2023-01-03 12:00:00+00:00,0.0,st4_conus.2023010312.01h.grb2,conus,WatershedFraction
2023-01-03 13:00:00+00:00,0.0,st4_conus.2023010313.01h.grb2,conus,WatershedFraction
2023-01-03 14:00:00+00:00,0.0,st4_conus.2023010314.01h.grb2,conus,WatershedFraction
2023-01-03 15:00:00+00:00,0.0,st4_conus.2023010315.01h.grb2,conus,WatershedFraction
2023-01-03 16:00:00+00:00,0.0,st4_conus.2023010316.01h.grb2,conus,WatershedFraction
2023-01-03 17:00:00+00:00,0.0,st4_conus.2023010317.01h.grb2,conus,WatershedFraction
2023-01-03 18:00:00+00:00,0.0,st4_conus.2023010318.01h.grb2,conus,WatershedFraction
2023-01-03 19:00:00+00:00,0.003997556594488189,st4_conus.2023010319.01h.grb2,conus,WatershedFraction
2023-01-03 20:00:00+00:00,0.012173154527559054,st4_conus.2023010320.01h.grb2,conus,WatershedFraction
2023-01-03 21:00:00+00:00,0.04362674950787402,st4_conus.2023010321.01h.grb2,conus,WatershedFraction
2023-01-03 22:00:00+00:00,0.09095365403543305,st4_conus.2023010322.01h.grb2,conus,WatershedFraction
2023-01-03 23:00:00+00:00,0.309914468503937,st4_conus.2023010323.01h.grb2,conus,WatershedFraction
2023-01-04 00:00:00+00:00,0.5402526919291338,st4_conus.2023010400.01h.grb2,conus,WatershedFraction
2023-01-04 01:00:00+00:00,0.04565678395669291,st4_conus.2023010401.01h.grb2,conus,WatershedFraction
2023-01-04 02:00:00+00:00,0.002068277559055118,st4_conus.2023010402.01h.grb2,conus,WatershedFraction
2023-01-04 03:00:00+00:00,0.07215927903543308,st4_conus.2023010403.01h.grb2,conus,WatershedFraction
2023-01-04 04:00:00+00:00,0.1391688336614173,st4_conus.2023010404.01h.grb2,conus,WatershedFraction
2023-01-04 05:00:00+00:00,0.038250201771653544,st4_conus.2023010405.01h.grb2,conus,WatershedFraction
2023-01-04 06:00:00+00:00,0.25868314960629923,st4_conus.2023010406.01h.grb2,conus,WatershedFraction
2023-01-04 07:00:00+00:00,0.35156478100393695,st4_conus.2023010407.01h.grb2,conus,WatershedFraction
2023-01-04 08:00:00+00:00,0.04442221456692914,st4_conus.2023010408.01h.grb2,conus,WatershedFraction
2023-01-04 09:00:00+00:00,0.15266313730314962,st4_conus.2023010409.01h.grb2,conus,WatershedFraction
2023-01-04 10:00:00+00:00,0.3434552731299213,st4_conus.2023010410.01h.grb2,conus,WatershedFraction
2023-01-04 11:00:00+00:00,0.5247441609251968,st4_conus.2023010411.01h.grb2,conus,WatershedFraction
2023-01-04 12:00:00+00:00,0.1690384153543307,st4_conus.2023010412.01h.grb2,conus,WatershedFraction
2023-01-04 13:00:00+00:00,0.1563092125984252,st4_conus.2023010413.01h.grb2,conus,WatershedFraction
2023-01-04 14:00:00+00:00,0.09878182332677164,st4_conus.2023010414.01h.grb2,conus,WatershedFraction
2023-01-04 15:00:00+00:00,0.008961904527559055,st4_conus.2023010415.01h.grb2,conus,WatershedFraction
2023-01-04 16:00:00+00:00,0.0,st4_conus.2023010416.01h.grb2,conus,WatershedFraction
2023-01-04 17:00:00+00:00,0.012622204724409447,st4_conus.2023010417.01h.grb2,conus,WatershedFraction
2023-01-04 18:00:00+00:00,0.00922382381889764,st4_conus.2023010418.01h.grb2,conus,WatershedFraction
2023-01-04 19:00:00+00:00,0.0,st4_conus.2023010419.01h.grb2,conus,WatershedFraction
2023-01-04 20:00:00+00:00,0.0,st4_conus.2023010420.01h.grb2,conus,WatershedFraction
2023-01-04 21:00:00+00:00,0.0,st4_conus.2023010421.01h.grb2,conus,WatershedFraction
2023-01-04 22:00:00+00:00,0.0,st4_conus.2023010422.01h.grb2,conus,WatershedFraction
2023-01-04 23:00:00+00:00,0.0,st4_conus.2023010423.01h.grb2,conus,WatershedFraction
2023-01-05 00:00:00+00:00,0.0,st4_conus.2023010500.01h.grb2,conus,WatershedFraction
2023-01-05 01:00:00+00:00,0.0,st4_conus.2023010501.01h.grb2,conus,WatershedFraction
2023-01-05 02:00:00+00:00,0.0,st4_conus.2023010502.01h.grb2,conus,WatershedFraction
2023-01-05 03:00:00+00:00,0.0,st4_conus.2023010503.01h.grb2,conus,WatershedFraction
2023-01-05 04:00:00+00:00,0.0,st4_conus.2023010504.01h.grb2,conus,WatershedFraction
2023-01-05 05:00:00+00:00,0.0,st4_conus.2023010505.01h.grb2,conus,WatershedFraction
2023-01-05 06:00:00+00:00,0.0,st4_conus.2023010506.01h.grb2,conus,WatershedFraction
2023-01-05 07:00:00+00:00,0.0,st4_conus.2023010507.01h.grb2,conus,WatershedFraction
2023-01-05 08:00:00+00:00,0.0,st4_conus.2023010508.01h.grb2,conus,WatershedFraction
2023-01-05 09:00:00+00:00,0.0,st4_conus.2023010509.01h.grb2,conus,WatershedFraction
2023-01-05 10:00:00+00:00,0.0,st4_conus.2023010510.01h.grb2,conus,WatershedFraction
2023-01-05 11:00:00+00:00,0.0,st4_conus.2023010511.01h.grb2,conus,WatershedFraction
2023-01-05 12:00:00+00:00,0.0,st4_conus.2023010512.01h.grb2,conus,WatershedFraction
2023-01-05 13:00:00+00:00,0.0,st4_conus.2023010513.01h.grb2,conus,WatershedFraction
2023-01-05 14:00:00+00:00,0.0,st4_conus.2023010514.01h.grb2,conus,WatershedFraction
2023-01-05 15:00:00+00:00,0.0,st4_conus.2023010515.01h.grb2,conus,WatershedFraction
2023-01-05 16:00:00+00:00,0.0,st4_conus.2023010516.01h.grb2,conus,WatershedFraction
2023-01-05 17:00:00+00:00,0.0,st4_conus.2023010517.01h.grb2,conus,WatershedFraction
2023-01-05 18:00:00+00:00,0.0,st4_conus.2023010518.01h.grb2,conus,WatershedFraction
2023-01-05 19:00:00+00:00,0.0,st4_conus.2023010519.01h.grb2,conus,WatershedFraction
2023-01-05 20:00:00+00:00,0.0,st4_conus.2023010520.01h.grb2,conus,WatershedFraction
2023-01-05 21:00:00+00:00,0.0,st4_conus.2023010521.01h.grb2,conus,WatershedFraction
2023-01-05 22:00:00+00:00,0.0,st4_conus.2023010522.01h.grb2,conus,WatershedFraction
2023-01-05 23:00:00+00:00,0.0,st4_conus.2023010523.01h.grb2,conus,WatershedFraction
2023-01-06 00:00:00+00:00,0.0,st4_conus.2023010600.01h.grb2,conus,WatershedFraction
2023-01-06 01:00:00+00:00,0.0,st4_conus.2023010601.01h.grb2,conus,WatershedFraction
2023-01-06 02:00:00+00:00,0.0,st4_conus.2023010602.01h.grb2,conus,WatershedFraction
2023-01-06 03:00:00+00:00,0.0,st4_conus.2023010603.01h.grb2,conus,WatershedFraction
2023-01-06 04:00:00+00:00,0.0,st4_conus.2023010604.01h.grb2,conus,WatershedFraction
2023-01-06 05:00:00+00:00,0.0,st4_conus.2023010605.01h.grb2,conus,WatershedFraction
2023-01-06 06:00:00+00:00,0.0,st4_conus.2023010606.01h.grb2,conus,WatershedFraction
2023-01-06 07:00:00+00:00,0.0,st4_conus.2023010607.01h.grb2,conus,WatershedFraction
2023-01-06 08:00:00+00:00,0.0,st4_conus.2023010608.01h.grb2,conus,WatershedFraction
2023-01-06 09:00:00+00:00,0.0,st4_conus.2023010609.01h.grb2,conus,WatershedFraction
2023-01-06 10:00:00+00:00,0.0,st4_conus.2023010610.01h.grb2,conus,WatershedFraction
2023-01-06 11:00:00+00:00,0.0,st4_conus.2023010611.01h.grb2,conus,WatershedFraction
2023-01-06 12:00:00+00:00,0.0,st4_conus.2023010612.01h.grb2,conus,WatershedFraction
2023-01-06 13:00:00+00:00,0.0,st4_conus.2023010613.01h.grb2,conus,WatershedFraction
2023-01-06 14:00:00+00:00,0.0,st4_conus.2023010614.01h.grb2,conus,WatershedFraction
2023-01-06 15:00:00+00:00,0.0,st4_conus.2023010615.01h.grb2,conus,WatershedFraction
2023-01-06 16:00:00+00:00,0.0,st4_conus.2023010616.01h.grb2,conus,WatershedFraction
2023-01-06 17:00:00+00:00,0.0,st4_conus.2023010617.01h.grb2,conus,WatershedFraction
2023-01-06 18:00:00+00:00,0.0,st4_conus.2023010618.01h.grb2,conus,WatershedFraction
2023-01-06 19:00:00+00:00,0.0,st4_conus.2023010619.01h.grb2,conus,WatershedFraction
2023-01-06 20:00:00+00:00,0.0,st4_conus.2023010620.01h.grb2,conus,WatershedFraction
2023-01-06 21:00:00+00:00,0.0,st4_conus.2023010621.01h.grb2,conus,WatershedFraction
2023-01-06 22:00:00+00:00,0.0,st4_conus.2023010622.01h.grb2,conus,WatershedFraction
2023-01-06 23:00:00+00:00,0.0,st4_conus.2023010623.01h.grb2,conus,WatershedFraction
2023-01-07 00:00:00+00:00,0.0,st4_conus.2023010700.01h.grb2,conus,WatershedFraction
2023-01-07 01:00:00+00:00,0.0,st4_conus.2023010701.01h.grb2,conus,WatershedFraction
2023-01-07 02:00:00+00:00,0.0,st4_conus.2023010702.01h.grb2,conus,WatershedFraction
2023-01-07 03:00:00+00:00,0.0,st4_conus.2023010703.01h.grb2,conus,WatershedFraction
2023-01-07 04:00:00+00:00,0.0,st4_conus.2023010704.01h.grb2,conus,WatershedFraction
2023-01-07 05:00:00+00:00,0.0,st4_conus.2023010705.01h.grb2,conus,WatershedFraction
2023-01-07 06:00:00+00:00,0.0,st4_conus.2023010706.01h.grb2,conus,WatershedFraction
2023-01-07 07:00:00+00:00,0.0,st4_conus.2023010707.01h.grb2,conus,WatershedFraction
2023-01-07 08:00:00+00:00,0.0,st4_conus.2023010708.01h.grb2,conus,WatershedFraction
2023-01-07 09:00:00+00:00,0.0,st4_conus.2023010709.01h.grb2,conus,WatershedFraction
2023-01-07 10:00:00+00:00,0.0,st4_conus.2023010710.01h.grb2,conus,WatershedFraction
2023-01-07 11:00:00+00:00,0.0,st4_conus.2023010711.01h.grb2,conus,WatershedFraction
2023-01-07 12:00:00+00:00,0.0,st4_conus.2023010712.01h.grb2,conus,WatershedFraction
2023-01-07 13:00:00+00:00,0.0,st4_conus.2023010713.01h.grb2,conus,WatershedFraction
2023-01-07 14:00:00+00:00,0.0,st4_conus.2023010714.01h.grb2,conus,WatershedFraction
2023-01-07 15:00:00+00:00,0.0,st4_conus.2023010715.01h.grb2,conus,WatershedFraction
2023-01-07 16:00:00+00:00,0.0,st4_conus.2023010716.01h.grb2,conus,WatershedFraction
2023-01-07 17:00:00+00:00,0.0,st4_conus.2023010717.01h.grb2,conus,WatershedFraction
2023-01-07 18:00:00+00:00,0.0,st4_conus.2023010718.01h.grb2,conus,WatershedFraction
2023-01-07 19:00:00+00:00,0.0,st4_conus.2023010719.01h.grb2,conus,WatershedFraction
2023-01-07 20:00:00+00:00,0.0,st4_conus.2023010720.01h.grb2,conus,WatershedFraction
2023-01-07 21:00:00+00:00,0.0,st4_conus.2023010721.01h.grb2,conus,WatershedFraction
2023-01-07 22:00:00+00:00,0.0,st4_conus.2023010722.01h.grb2,conus,WatershedFraction
2023-01-07 23:00:00+00:00,0.0,st4_conus.2023010723.01h.grb2,conus,WatershedFraction
2023-01-08 00:00:00+00:00,0.0,st4_conus.2023010800.01h.grb2,conus,WatershedFraction
2023-01-08 01:00:00+00:00,0.0,st4_conus.2023010801.01h.grb2,conus,WatershedFraction
2023-01-08 02:00:00+00:00,0.0,st4_conus.2023010802.01h.grb2,conus,WatershedFraction
2023-01-08 03:00:00+00:00,0.0,st4_conus.2023010803.01h.grb2,conus,WatershedFraction
2023-01-08 04:00:00+00:00,0.0,st4_conus.2023010804.01h.grb2,conus,WatershedFraction
2023-01-08 05:00:00+00:00,0.0,st4_conus.2023010805.01h.grb2,conus,WatershedFraction
2023-01-08 06:00:00+00:00,0.0,st4_conus.2023010806.01h.grb2,conus,WatershedFraction
2023-01-08 07:00:00+00:00,0.0,st4_conus.2023010807.01h.grb2,conus,WatershedFraction
2023-01-08 08:00:00+00:00,0.0,st4_conus.2023010808.01h.grb2,conus,WatershedFraction
2023-01-08 09:00:00+00:00,0.0,st4_conus.2023010809.01h.grb2,conus,WatershedFraction
2023-01-08 10:00:00+00:00,0.0,st4_conus.2023010810.01h.grb2,conus,WatershedFraction
2023-01-08 11:00:00+00:00,0.0,st4_conus.2023010811.01h.grb2,conus,WatershedFraction
2023-01-08 12:00:00+00:00,0.0,st4_conus.2023010812.01h.grb2,conus,WatershedFraction
2023-01-08 13:00:00+00:00,0.0,st4_conus.2023010813.01h.grb2,conus,WatershedFraction
2023-01-08 14:00:00+00:00,0.0,st4_conus.2023010814.01h.grb2,conus,WatershedFraction
2023-01-08 15:00:00+00:00,0.0,st4_conus.2023010815.01h.grb2,conus,WatershedFraction
2023-01-08 16:00:00+00:00,0.0,st4_conus.2023010816.01h.grb2,conus,WatershedFraction
2023-01-08 17:00:00+00:00,0.0,st4_conus.2023010817.01h.grb2,conus,WatershedFraction
2023-01-08 18:00:00+00:00,0.0,st4_conus.2023010818.01h.grb2,conus,WatershedFraction
2023-01-08 19:00:00+00:00,0.0,st4_conus.2023010819.01h.grb2,conus,WatershedFraction
2023-01-08 20:00:00+00:00,0.0,st4_conus.2023010820.01h.grb2,conus,WatershedFraction
2023-01-08 21:00:00+00:00,0.0,st4_conus.2023010821.01h.grb2,conus,WatershedFraction
2023-01-08 22:00:00+00:00,0.0,st4_conus.2023010822.01h.grb2,conus,WatershedFraction
2023-01-08 23:00:00+00:00,0.00869794537401575,st4_conus.2023010823.01h.grb2,conus,WatershedFraction
2023-01-09 00:00:00+00:00,0.016353718011811024,st4_conus.2023010900.01h.grb2,conus,WatershedFraction
2023-01-09 01:00:00+00:00,0.0728714124015748,st4_conus.2023010901.01h.grb2,conus,WatershedFraction
2023-01-09 02:00:00+00:00,0.06449431840551181,st4_conus.2023010902.01h.grb2,conus,WatershedFraction
2023-01-09 03:00:00+00:00,0.11220068159448819,st4_conus.2023010903.01h.grb2,conus,WatershedFraction
2023-01-09 04:00:00+00:00,0.0,st4_conus.2023010904.01h.grb2,conus,WatershedFraction
2023-01-09 05:00:00+00:00,0.0,st4_conus.2023010905.01h.grb2,conus,WatershedFraction
2023-01-09 06:00:00+00:00,0.0,st4_conus.2023010906.01h.grb2,conus,WatershedFraction
2023-01-09 07:00:00+00:00,0.0,st4_conus.2023010907.01h.grb2,conus,WatershedFraction
2023-01-09 08:00:00+00:00,0.0,st4_conus.2023010908.01h.grb2,conus,WatershedFraction
2023-01-09 09:00:00+00:00,0.0,st4_conus.2023010909.01h.grb2,conus,WatershedFraction
2023-01-09 10:00:00+00:00,0.0,st4_conus.2023010910.01h.grb2,conus,WatershedFraction
2023-01-09 11:00:00+00:00,0.0,st4_conus.2023010911.01h.grb2,conus,WatershedFraction
2023-01-09 12:00:00+00:00,0.0,st4_conus.2023010912.01h.grb2,conus,WatershedFraction
2023-01-09 13:00:00+00:00,0.0,st4_conus.2023010913.01h.grb2,conus,WatershedFraction
2023-01-09 14:00:00+00:00,0.0,st4_conus.2023010914.01h.grb2,conus,WatershedFraction
2023-01-09 15:00:00+00:00,0.0,st4_conus.2023010915.01h.grb2,conus,WatershedFraction
2023-01-09 16:00:00+00:00,0.0,st4_conus.2023010916.01h.grb2,conus,WatershedFraction
2023-01-09 17:00:00+00:00,0.0,st4_conus.2023010917.01h.grb2,conus,WatershedFraction
2023-01-09 18:00:00+00:00,0.0,st4_conus.2023010918.01h.grb2,conus,WatershedFraction
2023-01-09 19:00:00+00:00,0.0,st4_conus.2023010919.01h.grb2,conus,WatershedFraction
2023-01-09 20:00:00+00:00,0.0,st4_conus.2023010920.01h.grb2,conus,WatershedFraction
2023-01-09 21:00:00+00:00,0.0,st4_conus.2023010921.01h.grb2,conus,WatershedFraction
2023-01-09 22:00:00+00:00,0.0,st4_conus.2023010922.01h.grb2,conus,WatershedFraction
2023-01-09 23:00:00+00:00,0.0,st4_conus.2023010923.01h.grb2,conus,WatershedFraction
2023-01-10 00:00:00+00:00,0.0,st4_conus.2023011000.01h.grb2,conus,WatershedFraction
2023-01-10 01:00:00+00:00,0.0,st4_conus.2023011001.01h.grb2,conus,WatershedFraction
2023-01-10 02:00:00+00:00,0.0,st4_conus.2023011002.01h.grb2,conus,WatershedFraction
2023-01-10 03:00:00+00:00,0.0,st4_conus.2023011003.01h.grb2,conus,WatershedFraction
2023-01-10 04:00:00+00:00,0.0,st4_conus.2023011004.01h.grb2,conus,WatershedFraction
2023-01-10 05:00:00+00:00,0.0,st4_conus.2023011005.01h.grb2,conus,WatershedFraction
2023-01-10 06:00:00+00:00,0.0,st4_conus.2023011006.01h.grb2,conus,WatershedFraction
2023-01-10 07:00:00+00:00,0.0,st4_conus.2023011007.01h.grb2,conus,WatershedFraction
2023-01-10 08:00:00+00:00,0.0,st4_conus.2023011008.01h.grb2,conus,WatershedFraction
2023-01-10 09:00:00+00:00,0.0,st4_conus.2023011009.01h.grb2,conus,WatershedFraction
2023-01-10 10:00:00+00:00,0.0,st4_conus.2023011010.01h.grb2,conus,WatershedFraction
2023-01-10 11:00:00+00:00,0.0,st4_conus.2023011011.01h.grb2,conus,WatershedFraction
2023-01-10 12:00:00+00:00,0.0,st4_conus.2023011012.01h.grb2,conus,WatershedFraction
2023-01-10 13:00:00+00:00,0.0,st4_conus.2023011013.01h.grb2,conus,WatershedFraction
2023-01-10 14:00:00+00:00,0.0,st4_conus.2023011014.01h.grb2,conus,WatershedFraction
2023-01-10 15:00:00+00:00,0.0,st4_conus.2023011015.01h.grb2,conus,WatershedFraction
2023-01-10 16:00:00+00:00,0.0,st4_conus.2023011016.01h.grb2,conus,WatershedFraction
2023-01-10 17:00:00+00:00,0.0,st4_conus.2023011017.01h.grb2,conus,WatershedFraction
2023-01-10 18:00:00+00:00,0.0,st4_conus.2023011018.01h.grb2,conus,WatershedFraction
2023-01-10 19:00:00+00:00,0.0,st4_conus.2023011019.01h.grb2,conus,WatershedFraction
2023-01-10 20:00:00+00:00,0.0,st4_conus.2023011020.01h.grb2,conus,WatershedFraction
2023-01-10 21:00:00+00:00,0.0,st4_conus.2023011021.01h.grb2,conus,WatershedFraction
2023-01-10 22:00:00+00:00,0.0,st4_conus.2023011022.01h.grb2,conus,WatershedFraction
2023-01-10 23:00:00+00:00,0.0,st4_conus.2023011023.01h.grb2,conus,WatershedFraction
2023-01-11 00:00:00+00:00,0.0,st4_conus.2023011100.01h.grb2,conus,WatershedFraction
2023-01-11 01:00:00+00:00,0.0,st4_conus.2023011101.01h.grb2,conus,WatershedFraction
2023-01-11 02:00:00+00:00,0.0,st4_conus.2023011102.01h.grb2,conus,WatershedFraction
2023-01-11 03:00:00+00:00,0.0,st4_conus.2023011103.01h.grb2,conus,WatershedFraction
2023-01-11 04:00:00+00:00,0.0,st4_conus.2023011104.01h.grb2,conus,WatershedFraction
2023-01-11 05:00:00+00:00,0.0,st4_conus.2023011105.01h.grb2,conus,WatershedFraction
2023-01-11 06:00:00+00:00,0.0,st4_conus.2023011106.01h.grb2,conus,WatershedFraction
2023-01-11 07:00:00+00:00,0.0,st4_conus.2023011107.01h.grb2,conus,WatershedFraction
2023-01-11 08:00:00+00:00,0.0,st4_conus.2023011108.01h.grb2,conus,WatershedFraction
2023-01-11 09:00:00+00:00,0.0,st4_conus.2023011109.01h.grb2,conus,WatershedFraction
2023-01-11 10:00:00+00:00,0.0,st4_conus.2023011110.01h.grb2,conus,WatershedFraction
2023-01-11 11:00:00+00:00,0.0,st4_conus.2023011111.01h.grb2,conus,WatershedFraction
2023-01-11 12:00:00+00:00,0.0,st4_conus.2023011112.01h.grb2,conus,WatershedFraction
2023-01-11 13:00:00+00:00,0.0,st4_conus.2023011113.01h.grb2,conus,WatershedFraction
2023-01-11 14:00:00+00:00,0.0,st4_conus.2023011114.01h.grb2,conus,WatershedFraction
2023-01-11 15:00:00+00:00,0.0,st4_conus.2023011115.01h.grb2,conus,WatershedFraction
2023-01-11 16:00:00+00:00,0.005799402066929134,st4_conus.2023011116.01h.grb2,conus,WatershedFraction
2023-01-11 17:00:00+00:00,0.0,st4_conus.2023011117.01h.grb2,conus,WatershedFraction
2023-01-11 18:00:00+00:00,0.0,st4_conus.2023011118.01h.grb2,conus,WatershedFraction
2023-01-11 19:00:00+00:00,0.0,st4_conus.2023011119.01h.grb2,conus,WatershedFraction
2023-01-11 20:00:00+00:00,0.0,st4_conus.2023011120.01h.grb2,conus,WatershedFraction
2023-01-11 21:00:00+00:00,0.0,st4_conus.2023011121.01h.grb2,conus,WatershedFraction
2023-01-11 22:00:00+00:00,0.0,st4_conus.2023011122.01h.grb2,conus,WatershedFraction
2023-01-11 23:00:00+00:00,0.0,st4_conus.2023011123.01h.grb2,conus,WatershedFraction
2023-01-12 00:00:00+00:00,0.0,st4_conus.2023011200.01h.grb2,conus,WatershedFraction
2023-01-12 01:00:00+00:00,0.0,st4_conus.2023011201.01h.grb2,conus,WatershedFraction
2023-01-12 02:00:00+00:00,0.0,st4_conus.2023011202.01h.grb2,conus,WatershedFraction
2023-01-12 03:00:00+00:00,0.0,st4_conus.2023011203.01h.grb2,conus,WatershedFraction
2023-01-12 04:00:00+00:00,0.0,st4_conus.2023011204.01h.grb2,conus,WatershedFraction
2023-01-12 05:00:00+00:00,0.0,st4_conus.2023011205.01h.grb2,conus,WatershedFraction
2023-01-12 06:00:00+00:00,0.0,st4_conus.2023011206.01h.grb2,conus,WatershedFraction
2023-01-12 07:00:00+00:00,0.0,st4_conus.2023011207.01h.grb2,conus,WatershedFraction
2023-01-12 08:00:00+00:00,0.0,st4_conus.2023011208.01h.grb2,conus,WatershedFraction
2023-01-12 09:00:00+00:00,0.0,st4_conus.2023011209.01h.grb2,conus,WatershedFraction
2023-01-12 10:00:00+00:00,0.007773804133858269,st4_conus.2023011210.01h.grb2,conus,WatershedFraction
2023-01-12 11:00:00+00:00,0.0,st4_conus.2023011211.01h.grb2,conus,WatershedFraction
2023-01-12 12:00:00+00:00,0.0,st4_conus.2023011212.01h.grb2,conus,WatershedFraction
2023-01-12 13:00:00+00:00,0.0,st4_conus.2023011213.01h.grb2,conus,WatershedFraction
2023-01-12 14:00:00+00:00,0.0,st4_conus.2023011214.01h.grb2,conus,WatershedFraction
2023-01-12 15:00:00+00:00,0.0,st4_conus.2023011215.01h.grb2,conus,WatershedFraction
2023-01-12 16:00:00+00:00,0.0,st4_conus.2023011216.01h.grb2,conus,WatershedFraction
2023-01-12 17:00:00+00:00,0.0,st4_conus.2023011217.01h.grb2,conus,WatershedFraction
2023-01-12 18:00:00+00:00,0.0,st4_conus.2023011218.01h.grb2,conus,WatershedFraction
2023-01-12 19:00:00+00:00,0.0,st4_conus.2023011219.01h.grb2,conus,WatershedFraction
2023-01-12 20:00:00+00:00,0.0,st4_conus.2023011220.01h.grb2,conus,WatershedFraction
2023-01-12 21:00:00+00:00,0.3304458415354331,st4_conus.2023011221.01h.grb2,conus,WatershedFraction
2023-01-12 22:00:00+00:00,0.2712338065944882,st4_conus.2023011222.01h.grb2,conus,WatershedFraction
2023-01-12 23:00:00+00:00,0.028511870078740155,st4_conus.2023011223.01h.grb2,conus,WatershedFraction
2023-01-13 00:00:00+00:00,0.0,st4_conus.2023011300.01h.grb2,conus,WatershedFraction
2023-01-13 01:00:00+00:00,0.0,st4_conus.2023011301.01h.grb2,conus,WatershedFraction
2023-01-13 02:00:00+00:00,0.0,st4_conus.2023011302.01h.grb2,conus,WatershedFraction
2023-01-13 03:00:00+00:00,0.0,st4_conus.2023011303.01h.grb2,conus,WatershedFraction
2023-01-13 04:00:00+00:00,0.0,st4_conus.2023011304.01h.grb2,conus,WatershedFraction
2023-01-13 05:00:00+00:00,0.0,st4_conus.2023011305.01h.grb2,conus,WatershedFraction
2023-01-13 06:00:00+00:00,0.0,st4_conus.2023011306.01h.grb2,conus,WatershedFraction
2023-01-13 07:00:00+00:00,0.0,st4_conus.2023011307.01h.grb2,conus,WatershedFraction
2023-01-13 08:00:00+00:00,0.0,st4_conus.2023011308.01h.grb2,conus,WatershedFraction
2023-01-13 09:00:00+00:00,0.0,st4_conus.2023011309.01h.grb2,conus,WatershedFraction
2023-01-13 10:00:00+00:00,0.0,st4_conus.2023011310.01h.grb2,conus,WatershedFraction
2023-01-13 11:00:00+00:00,0.0,st4_conus.2023011311.01h.grb2,conus,WatershedFraction
2023-01-13 12:00:00+00:00,0.0,st4_conus.2023011312.01h.grb2,conus,WatershedFraction
2023-01-13 13:00:00+00:00,0.0,st4_conus.2023011313.01h.grb2,conus,WatershedFraction
2023-01-13 14:00:00+00:00,0.003517571358267717,st4_conus.2023011314.01h.grb2,conus,WatershedFraction
2023-01-13 15:00:00+00:00,0.005710371555118112,st4_conus.2023011315.01h.grb2,conus,WatershedFraction
2023-01-13 16:00:00+00:00,0.0,st4_conus.2023011316.01h.grb2,conus,WatershedFraction
2023-01-13 17:00:00+00:00,0.0,st4_conus.2023011317.01h.grb2,conus,WatershedFraction
2023-01-13 18:00:00+00:00,0.0,st4_conus.2023011318.01h.grb2,conus,WatershedFraction
2023-01-13 19:00:00+00:00,0.0,st4_conus.2023011319.01h.grb2,conus,WatershedFraction
2023-01-13 20:00:00+00:00,0.0,st4_conus.2023011320.01h.grb2,conus,WatershedFraction
2023-01-13 21:00:00+00:00,0.0,st4_conus.2023011321.01h.grb2,conus,WatershedFraction
2023-01-13 22:00:00+00:00,0.0,st4_conus.2023011322.01h.grb2,conus,WatershedFraction
2023-01-13 23:00:00+00:00,0.0,st4_conus.2023011323.01h.grb2,conus,WatershedFraction
2023-01-14 00:00:00+00:00,0.0,st4_conus.2023011400.01h.grb2,conus,WatershedFraction
2023-01-14 01:00:00+00:00,0.0,st4_conus.2023011401.01h.grb2,conus,WatershedFraction
2023-01-14 02:00:00+00:00,0.0,st4_conus.2023011402.01h.grb2,conus,WatershedFraction
2023-01-14 03:00:00+00:00,0.0,st4_conus.2023011403.01h.grb2,conus,WatershedFraction
2023-01-14 04:00:00+00:00,0.0,st4_conus.2023011404.01h.grb2,conus,WatershedFraction
2023-01-14 05:00:00+00:00,0.0,st4_conus.2023011405.01h.grb2,conus,WatershedFraction
2023-01-14 06:00:00+00:00,0.0,st4_conus.2023011406.01h.grb2,conus,WatershedFraction
2023-01-14 07:00:00+00:00,0.0,st4_conus.2023011407.01h.grb2,conus,WatershedFraction
2023-01-14 08:00:00+00:00,0.0,st4_conus.2023011408.01h.grb2,conus,WatershedFraction
2023-01-14 09:00:00+00:00,0.0,st4_conus.2023011409.01h.grb2,conus,WatershedFraction
2023-01-14 10:00:00+00:00,0.0,st4_conus.2023011410.01h.grb2,conus,WatershedFraction
2023-01-14 11:00:00+00:00,0.0,st4_conus.2023011411.01h.grb2,conus,WatershedFraction
2023-01-14 12:00:00+00:00,0.0,st4_conus.2023011412.01h.grb2,conus,WatershedFraction
2023-01-14 13:00:00+00:00,0.0,st4_conus.2023011413.01h.grb2,conus,WatershedFraction
2023-01-14 14:00:00+00:00,0.0,st4_conus.2023011414.01h.grb2,conus,WatershedFraction
2023-01-14 15:00:00+00:00,0.0,st4_conus.2023011415.01h.grb2,conus,WatershedFraction
2023-01-14 16:00:00+00:00,0.0,st4_conus.2023011416.01h.grb2,conus,WatershedFraction
2023-01-14 17:00:00+00:00,0.0,st4_conus.2023011417.01h.grb2,conus,WatershedFraction
2023-01-14 18:00:00+00:00,0.0,st4_conus.2023011418.01h.grb2,conus,WatershedFraction
2023-01-14 19:00:00+00:00,0.0,st4_conus.2023011419.01h.grb2,conus,WatershedFraction
2023-01-14 20:00:00+00:00,0.0,st4_conus.2023011420.01h.grb2,conus,WatershedFraction
2023-01-14 21:00:00+00:00,0.0,st4_conus.2023011421.01h.grb2,conus,WatershedFraction
2023-01-14 22:00:00+00:00,0.0,st4_conus.2023011422.01h.grb2,conus,WatershedFraction
2023-01-14 23:00:00+00:00,0.0,st4_conus.2023011423.01h.grb2,conus,WatershedFraction
2023-01-15 00:00:00+00:00,0.0,st4_conus.2023011500.01h.grb2,conus,WatershedFraction
2023-01-15 01:00:00+00:00,0.0,st4_conus.2023011501.01h.grb2,conus,WatershedFraction
2023-01-15 02:00:00+00:00,0.0,st4_conus.2023011502.01h.grb2,conus,WatershedFraction
2023-01-15 03:00:00+00:00,0.0,st4_conus.2023011503.01h.grb2,conus,WatershedFraction
2023-01-15 04:00:00+00:00,0.0,st4_conus.2023011504.01h.grb2,conus,WatershedFraction
2023-01-15 05:00:00+00:00,0.0,st4_conus.2023011505.01h.grb2,conus,WatershedFraction
2023-01-15 06:00:00+00:00,0.0,st4_conus.2023011506.01h.grb2,conus,WatershedFraction
2023-01-15 07:00:00+00:00,0.0,st4_conus.2023011507.01h.grb2,conus,WatershedFraction
2023-01-15 08:00:00+00:00,0.0,st4_conus.2023011508.01h.grb2,conus,WatershedFraction
2023-01-15 09:00:00+00:00,0.0,st4_conus.2023011509.01h.grb2,conus,WatershedFraction
2023-01-15 10:00:00+00:00,0.0,st4_conus.2023011510.01h.grb2,conus,WatershedFraction
2023-01-15 11:00:00+00:00,0.0,st4_conus.2023011511.01h.grb2,conus,WatershedFraction
2023-01-15 12:00:00+00:00,0.0,st4_conus.2023011512.01h.grb2,conus,WatershedFraction
2023-01-15 13:00:00+00:00,0.0,st4_conus.2023011513.01h.grb2,conus,WatershedFraction
2023-01-15 14:00:00+00:00,0.0,st4_conus.2023011514.01h.grb2,conus,WatershedFraction
2023-01-15 15:00:00+00:00,0.0,st4_conus.2023011515.01h.grb2,conus,WatershedFraction
2023-01-15 16:00:00+00:00,0.0,st4_conus.2023011516.01h.grb2,conus,WatershedFraction
2023-01-15 17:00:00+00:00,0.0,st4_conus.2023011517.01h.grb2,conus,WatershedFraction
2023-01-15 18:00:00+00:00,0.0,st4_conus.2023011518.01h.grb2,conus,WatershedFraction
2023-01-15 19:00:00+00:00,0.0,st4_conus.2023011519.01h.grb2,conus,WatershedFraction
2023-01-15 20:00:00+00:00,0.0,st4_conus.2023011520.01h.grb2,conus,WatershedFraction
2023-01-15 21:00:00+00:00,0.0,st4_conus.2023011521.01h.grb2,conus,WatershedFraction
2023-01-15 22:00:00+00:00,0.0,st4_conus.2023011522.01h.grb2,conus,WatershedFraction
2023-01-15 23:00:00+00:00,0.0,st4_conus.2023011523.01h.grb2,conus,WatershedFraction
2023-01-16 00:00:00+00:00,0.0,st4_conus.2023011600.01h.grb2,conus,WatershedFraction
2023-01-16 01:00:00+00:00,0.0,st4_conus.2023011601.01h.grb2,conus,WatershedFraction
2023-01-16 02:00:00+00:00,0.0,st4_conus.2023011602.01h.grb2,conus,WatershedFraction
2023-01-16 03:00:00+00:00,0.0,st4_conus.2023011603.01h.grb2,conus,WatershedFraction
2023-01-16 04:00:00+00:00,0.0,st4_conus.2023011604.01h.grb2,conus,WatershedFraction
2023-01-16 05:00:00+00:00,0.0,st4_conus.2023011605.01h.grb2,conus,WatershedFraction
2023-01-16 06:00:00+00:00,0.0,st4_conus.2023011606.01h.grb2,conus,WatershedFraction
2023-01-16 07:00:00+00:00,0.0,st4_conus.2023011607.01h.grb2,conus,WatershedFraction
2023-01-16 08:00:00+00:00,0.0,st4_conus.2023011608.01h.grb2,conus,WatershedFraction
2023-01-16 09:00:00+00:00,0.0,st4_conus.2023011609.01h.grb2,conus,WatershedFraction
2023-01-16 10:00:00+00:00,0.0,st4_conus.2023011610.01h.grb2,conus,WatershedFraction
2023-01-16 11:00:00+00:00,0.0,st4_conus.2023011611.01h.grb2,conus,WatershedFraction
2023-01-16 12:00:00+00:00,0.0,st4_conus.2023011612.01h.grb2,conus,WatershedFraction
2023-01-16 13:00:00+00:00,0.0,st4_conus.2023011613.01h.grb2,conus,WatershedFraction
2023-01-16 14:00:00+00:00,0.0,st4_conus.2023011614.01h.grb2,conus,WatershedFraction
2023-01-16 15:00:00+00:00,0.0,st4_conus.2023011615.01h.grb2,conus,WatershedFraction
2023-01-16 16:00:00+00:00,0.0,st4_conus.2023011616.01h.grb2,conus,WatershedFraction
2023-01-16 17:00:00+00:00,0.0,st4_conus.2023011617.01h.grb2,conus,WatershedFraction
2023-01-16 18:00:00+00:00,0.0,st4_conus.2023011618.01h.grb2,conus,WatershedFraction
2023-01-16 19:00:00+00:00,0.0,st4_conus.2023011619.01h.grb2,conus,WatershedFraction
2023-01-16 20:00:00+00:00,0.0,st4_conus.2023011620.01h.grb2,conus,WatershedFraction
2023-01-16 21:00:00+00:00,0.0,st4_conus.2023011621.01h.grb2,conus,WatershedFraction
2023-01-16 22:00:00+00:00,0.0,st4_conus.2023011622.01h.grb2,conus,WatershedFraction
2023-01-16 23:00:00+00:00,0.0,st4_conus.2023011623.01h.grb2,conus,WatershedFraction
2023-01-17 00:00:00+00:00,0.0,st4_conus.2023011700.01h.grb2,conus,WatershedFraction
2023-01-17 01:00:00+00:00,0.0,st4_conus.2023011701.01h.grb2,conus,WatershedFraction
2023-01-17 02:00:00+00:00,0.0,st4_conus.2023011702.01h.grb2,conus,WatershedFraction
2023-01-17 03:00:00+00:00,0.0,st4_conus.2023011703.01h.grb2,conus,WatershedFraction
2023-01-17 04:00:00+00:00,0.0,st4_conus.2023011704.01h.grb2,conus,WatershedFraction
2023-01-17 05:00:00+00:00,0.0,st4_conus.2023011705.01h.grb2,conus,WatershedFraction
2023-01-17 06:00:00+00:00,0.0,st4_conus.2023011706.01h.grb2,conus,WatershedFraction
2023-01-17 07:00:00+00:00,0.0,st4_conus.2023011707.01h.grb2,conus,WatershedFraction
2023-01-17 08:00:00+00:00,0.0,st4_conus.2023011708.01h.grb2,conus,WatershedFraction
2023-01-17 09:00:00+00:00,0.0,st4_conus.2023011709.01h.grb2,conus,WatershedFraction
2023-01-17 10:00:00+00:00,0.0,st4_conus.2023011710.01h.grb2,conus,WatershedFraction
2023-01-17 11:00:00+00:00,0.0,st4_conus.2023011711.01h.grb2,conus,WatershedFraction
2023-01-17 12:00:00+00:00,0.0,st4_conus.2023011712.01h.grb2,conus,WatershedFraction
2023-01-17 13:00:00+00:00,0.024654714566929133,st4_conus.2023011713.01h.grb2,conus,WatershedFraction
2023-01-17 14:00:00+00:00,0.051899571850393705,st4_conus.2023011714.01h.grb2,conus,WatershedFraction
2023-01-17 15:00:00+00:00,0.032519539862204724,st4_conus.2023011715.01h.grb2,conus,WatershedFraction
2023-01-17 16:00:00+00:00,0.03510290600393701,st4_conus.2023011716.01h.grb2,conus,WatershedFraction
2023-01-17 17:00:00+00:00,0.10306264517716535,st4_conus.2023011717.01h.grb2,conus,WatershedFraction
2023-01-17 18:00:00+00:00,0.02543806102362205,st4_conus.2023011718.01h.grb2,conus,WatershedFraction
2023-01-17 19:00:00+00:00,0.012432706692913386,st4_conus.2023011719.01h.grb2,conus,WatershedFraction
2023-01-17 20:00:00+00:00,0.0,st4_conus.2023011720.01h.grb2,conus,WatershedFraction
2023-01-17 21:00:00+00:00,0.0,st4_conus.2023011721.01h.grb2,conus,WatershedFraction
2023-01-17 22:00:00+00:00,0.0,st4_conus.2023011722.01h.grb2,conus,WatershedFraction
2023-01-17 23:00:00+00:00,0.0,st4_conus.2023011723.01h.grb2,conus,WatershedFraction
2023-01-18 00:00:00+00:00,0.0,st4_conus.2023011800.01h.grb2,conus,WatershedFraction
2023-01-18 01:00:00+00:00,0.0,st4_conus.2023011801.01h.grb2,conus,WatershedFraction
2023-01-18 02:00:00+00:00,0.0,st4_conus.2023011802.01h.grb2,conus,WatershedFraction
2023-01-18 03:00:00+00:00,0.0,st4_conus.2023011803.01h.grb2,conus,WatershedFraction
2023-01-18 04:00:00+00:00,0.0,st4_conus.2023011804.01h.grb2,conus,WatershedFraction
2023-01-18 05:00:00+00:00,0.0,st4_conus.2023011805.01h.grb2,conus,WatershedFraction
2023-01-18 06:00:00+00:00,0.0,st4_conus.2023011806.01h.grb2,conus,WatershedFraction
2023-01-18 07:00:00+00:00,0.0,st4_conus.2023011807.01h.grb2,conus,WatershedFraction
2023-01-18 08:00:00+00:00,0.0,st4_conus.2023011808.01h.grb2,conus,WatershedFraction
2023-01-18 09:00:00+00:00,0.0,st4_conus.2023011809.01h.grb2,conus,WatershedFraction
2023-01-18 10:00:00+00:00,0.0,st4_conus.2023011810.01h.grb2,conus,WatershedFraction
2023-01-18 11:00:00+00:00,0.0,st4_conus.2023011811.01h.grb2,conus,WatershedFraction
2023-01-18 12:00:00+00:00,0.0,st4_conus.2023011812.01h.grb2,conus,WatershedFraction
2023-01-18 13:00:00+00:00,0.0,st4_conus.2023011813.01h.grb2,conus,WatershedFraction
2023-01-18 14:00:00+00:00,0.0,st4_conus.2023011814.01h.grb2,conus,WatershedFraction
2023-01-18 15:00:00+00:00,0.0,st4_conus.2023011815.01h.grb2,conus,WatershedFraction
2023-01-18 16:00:00+00:00,0.0,st4_conus.2023011816.01h.grb2,conus,WatershedFraction
2023-01-18 17:00:00+00:00,0.0,st4_conus.2023011817.01h.grb2,conus,WatershedFraction
2023-01-18 18:00:00+00:00,0.0,st4_conus.2023011818.01h.grb2,conus,WatershedFraction
2023-01-18 19:00:00+00:00,0.0,st4_conus.2023011819.01h.grb2,conus,WatershedFraction
2023-01-18 20:00:00+00:00,0.0,st4_conus.2023011820.01h.grb2,conus,WatershedFraction
2023-01-18 21:00:00+00:00,0.0,st4_conus.2023011821.01h.grb2,conus,WatershedFraction
2023-01-18 22:00:00+00:00,0.0,st4_conus.2023011822.01h.grb2,conus,WatershedFraction
2023-01-18 23:00:00+00:00,0.0,st4_conus.2023011823.01h.grb2,conus,WatershedFraction
2023-01-19 00:00:00+00:00,0.023607652559055125,st4_conus.2023011900.01h.grb2,conus,WatershedFraction
2023-01-19 01:00:00+00:00,0.016117450787401573,st4_conus.2023011901.01h.grb2,conus,WatershedFraction
2023-01-19 02:00:00+00:00,0.0,st4_conus.2023011902.01h.grb2,conus,WatershedFraction
2023-01-19 03:00:00+00:00,0.0,st4_conus.2023011903.01h.grb2,conus,WatershedFraction
2023-01-19 04:00:00+00:00,0.0,st4_conus.2023011904.01h.grb2,conus,WatershedFraction
2023-01-19 05:00:00+00:00,0.0,st4_conus.2023011905.01h.grb2,conus,WatershedFraction
2023-01-19 06:00:00+00:00,0.0,st4_conus.2023011906.01h.grb2,conus,WatershedFraction
2023-01-19 07:00:00+00:00,0.0,st4_conus.2023011907.01h.grb2,conus,WatershedFraction
2023-01-19 08:00:00+00:00,0.0,st4_conus.2023011908.01h.grb2,conus,WatershedFraction
2023-01-19 09:00:00+00:00,0.0,st4_conus.2023011909.01h.grb2,conus,WatershedFraction
2023-01-19 10:00:00+00:00,0.0,st4_conus.2023011910.01h.grb2,conus,WatershedFraction
2023-01-19 11:00:00+00:00,0.0,st4_conus.2023011911.01h.grb2,conus,WatershedFraction
2023-01-19 12:00:00+00:00,0.00984251968503937,st4_conus.2023011912.01h.grb2,conus,WatershedFraction
2023-01-19 13:00:00+00:00,0.0006178198818897638,st4_conus.2023011913.01h.grb2,conus,WatershedFraction
2023-01-19 14:00:00+00:00,9.150344488188976e-05,st4_conus.2023011914.01h.grb2,conus,WatershedFraction
2023-01-19 15:00:00+00:00,0.010160615157480315,st4_conus.2023011915.01h.grb2,conus,WatershedFraction
2023-01-19 16:00:00+00:00,0.005583813976377952,st4_conus.2023011916.01h.grb2,conus,WatershedFraction
2023-01-19 17:00:00+00:00,0.0,st4_conus.2023011917.01h.grb2,conus,WatershedFraction
2023-01-19 18:00:00+00:00,0.0,st4_conus.2023011918.01h.grb2,conus,WatershedFraction
2023-01-19 19:00:00+00:00,0.0,st4_conus.2023011919.01h.grb2,conus,WatershedFraction
2023-01-19 20:00:00+00:00,0.0,st4_conus.2023011920.01h.grb2,conus,WatershedFraction
2023-01-19 21:00:00+00:00,0.0,st4_conus.2023011921.01h.grb2,conus,WatershedFraction
2023-01-19 22:00:00+00:00,0.0,st4_conus.2023011922.01h.grb2,conus,WatershedFraction
2023-01-19 23:00:00+00:00,0.0,st4_conus.2023011923.01h.grb2,conus,WatershedFraction
2023-01-20 00:00:00+00:00,0.0,st4_conus.2023012000.01h.grb2,conus,WatershedFraction
2023-01-20 01:00:00+00:00,0.0,st4_conus.2023012001.01h.grb2,conus,WatershedFraction
2023-01-20 02:00:00+00:00,0.0,st4_conus.2023012002.01h.grb2,conus,WatershedFraction
2023-01-20 03:00:00+00:00,0.0,st4_conus.2023012003.01h.grb2,conus,WatershedFraction
2023-01-20 04:00:00+00:00,0.0,st4_conus.2023012004.01h.grb2,conus,WatershedFraction
2023-01-20 05:00:00+00:00,0.0,st4_conus.2023012005.01h.grb2,conus,WatershedFraction
2023-01-20 06:00:00+00:00,0.0,st4_conus.2023012006.01h.grb2,conus,WatershedFraction
2023-01-20 07:00:00+00:00,0.0,st4_conus.2023012007.01h.grb2,conus,WatershedFraction
2023-01-20 08:00:00+00:00,0.0,st4_conus.2023012008.01h.grb2,conus,WatershedFraction
2023-01-20 09:00:00+00:00,0.0,st4_conus.2023012009.01h.grb2,conus,WatershedFraction
2023-01-20 10:00:00+00:00,0.0,st4_conus.2023012010.01h.grb2,conus,WatershedFraction
2023-01-20 11:00:00+00:00,0.0,st4_conus.2023012011.01h.grb2,conus,WatershedFraction
2023-01-20 12:00:00+00:00,0.0,st4_conus.2023012012.01h.grb2,conus,WatershedFraction
2023-01-20 13:00:00+00:00,0.0,st4_conus.2023012013.01h.grb2,conus,WatershedFraction
2023-01-20 14:00:00+00:00,0.0,st4_conus.2023012014.01h.grb2,conus,WatershedFraction
2023-01-20 15:00:00+00:00,0.0,st4_conus.2023012015.01h.grb2,conus,WatershedFraction
2023-01-20 16:00:00+00:00,0.0,st4_conus.2023012016.01h.grb2,conus,WatershedFraction
2023-01-20 17:00:00+00:00,0.0,st4_conus.2023012017.01h.grb2,conus,WatershedFraction
2023-01-20 18:00:00+00:00,0.0,st4_conus.2023012018.01h.grb2,conus,WatershedFraction
2023-01-20 19:00:00+00:00,0.0,st4_conus.2023012019.01h.grb2,conus,WatershedFraction
2023-01-20 20:00:00+00:00,0.0,st4_conus.2023012020.01h.grb2,conus,WatershedFraction
2023-01-20 21:00:00+00:00,0.0,st4_conus.2023012021.01h.grb2,conus,WatershedFraction
2023-01-20 22:00:00+00:00,0.0,st4_conus.2023012022.01h.grb2,conus,WatershedFraction
2023-01-20 23:00:00+00:00,0.0,st4_conus.2023012023.01h.grb2,conus,WatershedFraction
2023-01-21 00:00:00+00:00,0.0,st4_conus.2023012100.01h.grb2,conus,WatershedFraction
2023-01-21 01:00:00+00:00,0.0,st4_conus.2023012101.01h.grb2,conus,WatershedFraction
2023-01-21 02:00:00+00:00,0.0,st4_conus.2023012102.01h.grb2,conus,WatershedFraction
2023-01-21 03:00:00+00:00,0.0,st4_conus.2023012103.01h.grb2,conus,WatershedFraction
2023-01-21 04:00:00+00:00,0.0,st4_conus.2023012104.01h.grb2,conus,WatershedFraction
2023-01-21 05:00:00+00:00,0.0,st4_conus.2023012105.01h.grb2,conus,WatershedFraction
2023-01-21 06:00:00+00:00,0.0,st4_conus.2023012106.01h.grb2,conus,WatershedFraction
2023-01-21 07:00:00+00:00,0.0,st4_conus.2023012107.01h.grb2,conus,WatershedFraction
2023-01-21 08:00:00+00:00,0.0,st4_conus.2023012108.01h.grb2,conus,WatershedFraction
2023-01-21 09:00:00+00:00,0.0,st4_conus.2023012109.01h.grb2,conus,WatershedFraction
2023-01-21 10:00:00+00:00,0.0,st4_conus.2023012110.01h.grb2,conus,WatershedFraction
2023-01-21 11:00:00+00:00,0.0,st4_conus.2023012111.01h.grb2,conus,WatershedFraction
2023-01-21 12:00:00+00:00,0.0,st4_conus.2023012112.01h.grb2,conus,WatershedFraction
2023-01-21 13:00:00+00:00,0.0,st4_conus.2023012113.01h.grb2,conus,WatershedFraction
2023-01-21 14:00:00+00:00,0.0,st4_conus.2023012114.01h.grb2,conus,WatershedFraction
2023-01-21 15:00:00+00:00,0.0,st4_conus.2023012115.01h.grb2,conus,WatershedFraction
2023-01-21 16:00:00+00:00,0.0,st4_conus.2023012116.01h.grb2,conus,WatershedFraction
2023-01-21 17:00:00+00:00,0.0,st4_conus.2023012117.01h.grb2,conus,WatershedFraction
2023-01-21 18:00:00+00:00,0.0,st4_conus.2023012118.01h.grb2,conus,WatershedFraction
2023-01-21 19:00:00+00:00,0.0,st4_conus.2023012119.01h.grb2,conus,WatershedFraction
2023-01-21 20:00:00+00:00,0.0,st4_conus.2023012120.01h.grb2,conus,WatershedFraction
2023-01-21 21:00:00+00:00,0.0,st4_conus.2023012121.01h.grb2,conus,WatershedFraction
2023-01-21 22:00:00+00:00,0.0,st4_conus.2023012122.01h.grb2,conus,WatershedFraction
2023-01-21 23:00:00+00:00,0.0,st4_conus.2023012123.01h.grb2,conus,WatershedFraction
2023-01-22 00:00:00+00:00,0.0,st4_conus.2023012200.01h.grb2,conus,WatershedFraction
2023-01-22 01:00:00+00:00,0.0,st4_conus.2023012201.01h.grb2,conus,WatershedFraction
2023-01-22 02:00:00+00:00,0.015119963090551183,st4_conus.2023012202.01h.grb2,conus,WatershedFraction
2023-01-22 03:00:00+00:00,0.02728798966535433,st4_conus.2023012203.01h.grb2,conus,WatershedFraction
2023-01-22 04:00:00+00:00,0.01968503937007874,st4_conus.2023012204.01h.grb2,conus,WatershedFraction
2023-01-22 05:00:00+00:00,0.012082089074803149,st4_conus.2023012205.01h.grb2,conus,WatershedFraction
2023-01-22 06:00:00+00:00,0.019776542814960628,st4_conus.2023012206.01h.grb2,conus,WatershedFraction
2023-01-22 07:00:00+00:00,0.08946285433070868,st4_conus.2023012207.01h.grb2,conus,WatershedFraction
2023-01-22 08:00:00+00:00,0.2432893602362205,st4_conus.2023012208.01h.grb2,conus,WatershedFraction
2023-01-22 09:00:00+00:00,0.24185473671259844,st4_conus.2023012209.01h.grb2,conus,WatershedFraction
2023-01-22 10:00:00+00:00,0.3341614862204724,st4_conus.2023012210.01h.grb2,conus,WatershedFraction
2023-01-22 11:00:00+00:00,0.23450974163385827,st4_conus.2023012211.01h.grb2,conus,WatershedFraction
2023-01-22 12:00:00+00:00,0.1561087746062992,st4_conus.2023012212.01h.grb2,conus,WatershedFraction
2023-01-22 13:00:00+00:00,0.04657520423228346,st4_conus.2023012213.01h.grb2,conus,WatershedFraction
2023-01-22 14:00:00+00:00,0.0,st4_conus.2023012214.01h.grb2,conus,WatershedFraction
2023-01-22 15:00:00+00:00,0.033002768208661416,st4_conus.2023012215.01h.grb2,conus,WatershedFraction
2023-01-22 16:00:00+00:00,0.006156899606299213,st4_conus.2023012216.01h.grb2,conus,WatershedFraction
2023-01-22 17:00:00+00:00,0.0,st4_conus.2023012217.01h.grb2,conus,WatershedFraction
2023-01-22 18:00:00+00:00,0.0,st4_conus.2023012218.01h.grb2,conus,WatershedFraction
2023-01-22 19:00:00+00:00,0.0,st4_conus.2023012219.01h.grb2,conus,WatershedFraction
2023-01-22 20:00:00+00:00,0.019377509842519684,st4_conus.2023012220.01h.grb2,conus,WatershedFraction
2023-01-22 21:00:00+00:00,0.008084532480314962,st4_conus.2023012221.01h.grb2,conus,WatershedFraction
2023-01-22 22:00:00+00:00,0.0006178198818897638,st4_conus.2023012222.01h.grb2,conus,WatershedFraction
2023-01-22 23:00:00+00:00,0.009842081692913385,st4_conus.2023012223.01h.grb2,conus,WatershedFraction
2023-01-23 00:00:00+00:00,0.011464269192913388,st4_conus.2023012300.01h.grb2,conus,WatershedFraction
2023-01-23 01:00:00+00:00,0.026578666338582673,st4_conus.2023012301.01h.grb2,conus,WatershedFraction
2023-01-23 02:00:00+00:00,0.0,st4_conus.2023012302.01h.grb2,conus,WatershedFraction
2023-01-23 03:00:00+00:00,0.0,st4_conus.2023012303.01h.grb2,conus,WatershedFraction
2023-01-23 04:00:00+00:00,0.00426195374015748,st4_conus.2023012304.01h.grb2,conus,WatershedFraction
2023-01-23 05:00:00+00:00,0.0,st4_conus.2023012305.01h.grb2,conus,WatershedFraction
2023-01-23 06:00:00+00:00,0.002590187007874016,st4_conus.2023012306.01h.grb2,conus,WatershedFraction
2023-01-23 07:00:00+00:00,0.0017128149606299213,st4_conus.2023012307.01h.grb2,conus,WatershedFraction
2023-01-23 08:00:00+00:00,0.0,st4_conus.2023012308.01h.grb2,conus,WatershedFraction
2023-01-23 09:00:00+00:00,0.0,st4_conus.2023012309.01h.grb2,conus,WatershedFraction
2023-01-23 10:00:00+00:00,0.0,st4_conus.2023012310.01h.grb2,conus,WatershedFraction
2023-01-23 11:00:00+00:00,0.0,st4_conus.2023012311.01h.grb2,conus,WatershedFraction
2023-01-23 12:00:00+00:00,0.0,st4_conus.2023012312.01h.grb2,conus,WatershedFraction
2023-01-23 13:00:00+00:00,0.0,st4_conus.2023012313.01h.grb2,conus,WatershedFraction
2023-01-23 14:00:00+00:00,0.0,st4_conus.2023012314.01h.grb2,conus,WatershedFraction
2023-01-23 15:00:00+00:00,0.0,st4_conus.2023012315.01h.grb2,conus,WatershedFraction
2023-01-23 16:00:00+00:00,0.0,st4_conus.2023012316.01h.grb2,conus,WatershedFraction
2023-01-23 17:00:00+00:00,0.0,st4_conus.2023012317.01h.grb2,conus,WatershedFraction
2023-01-23 18:00:00+00:00,0.0,st4_conus.2023012318.01h.grb2,conus,WatershedFraction
2023-01-23 19:00:00+00:00,0.0,st4_conus.2023012319.01h.grb2,conus,WatershedFraction
2023-01-23 20:00:00+00:00,0.0,st4_conus.2023012320.01h.grb2,conus,WatershedFraction
2023-01-23 21:00:00+00:00,0.0,st4_conus.2023012321.01h.grb2,conus,WatershedFraction
2023-01-23 22:00:00+00:00,0.0,st4_conus.2023012322.01h.grb2,conus,WatershedFraction
2023-01-23 23:00:00+00:00,0.0,st4_conus.2023012323.01h.grb2,conus,WatershedFraction
2023-01-24 00:00:00+00:00,0.0,st4_conus.2023012400.01h.grb2,conus,WatershedFraction
2023-01-24 01:00:00+00:00,0.0,st4_conus.2023012401.01h.grb2,conus,WatershedFraction
2023-01-24 02:00:00+00:00,0.0,st4_conus.2023012402.01h.grb2,conus,WatershedFraction
2023-01-24 03:00:00+00:00,0.0,st4_conus.2023012403.01h.grb2,conus,WatershedFraction
2023-01-24 04:00:00+00:00,0.0,st4_conus.2023012404.01h.grb2,conus,WatershedFraction
2023-01-24 05:00:00+00:00,0.0,st4_conus.2023012405.01h.grb2,conus,WatershedFraction
2023-01-24 06:00:00+00:00,0.0,st4_conus.2023012406.01h.grb2,conus,WatershedFraction
2023-01-24 07:00:00+00:00,0.0,st4_conus.2023012407.01h.grb2,conus,WatershedFraction
2023-01-24 08:00:00+00:00,0.0,st4_conus.2023012408.01h.grb2,conus,WatershedFraction
2023-01-24 09:00:00+00:00,0.0,st4_conus.2023012409.01h.grb2,conus,WatershedFraction
2023-01-24 10:00:00+00:00,0.0,st4_conus.2023012410.01h.grb2,conus,WatershedFraction
2023-01-24 11:00:00+00:00,0.0,st4_conus.2023012411.01h.grb2,conus,WatershedFraction
2023-01-24 12:00:00+00:00,0.0,st4_conus.2023012412.01h.grb2,conus,WatershedFraction
2023-01-24 13:00:00+00:00,0.0,st4_conus.2023012413.01h.grb2,conus,WatershedFraction
2023-01-24 14:00:00+00:00,0.0,st4_conus.2023012414.01h.grb2,conus,WatershedFraction
2023-01-24 15:00:00+00:00,0.0,st4_conus.2023012415.01h.grb2,conus,WatershedFraction
2023-01-24 16:00:00+00:00,0.0,st4_conus.2023012416.01h.grb2,conus,WatershedFraction
2023-01-24 17:00:00+00:00,0.0,st4_conus.2023012417.01h.grb2,conus,WatershedFraction
2023-01-24 18:00:00+00:00,0.0,st4_conus.2023012418.01h.grb2,conus,WatershedFraction
2023-01-24 19:00:00+00:00,0.0,st4_conus.2023012419.01h.grb2,conus,WatershedFraction
2023-01-24 20:00:00+00:00,0.0,st4_conus.2023012420.01h.grb2,conus,WatershedFraction
2023-01-24 21:00:00+00:00,0.0,st4_conus.2023012421.01h.grb2,conus,WatershedFraction
2023-01-24 22:00:00+00:00,0.0,st4_conus.2023012422.01h.grb2,conus,WatershedFraction
2023-01-24 23:00:00+00:00,0.0,st4_conus.2023012423.01h.grb2,conus,WatershedFraction
2023-01-25 00:00:00+00:00,0.0,st4_conus.2023012500.01h.grb2,conus,WatershedFraction
2023-01-25 01:00:00+00:00,0.0,st4_conus.2023012501.01h.grb2,conus,WatershedFraction
2023-01-25 02:00:00+00:00,0.0,st4_conus.2023012502.01h.grb2,conus,WatershedFraction
2023-01-25 03:00:00+00:00,0.0,st4_conus.2023012503.01h.grb2,conus,WatershedFraction
2023-01-25 04:00:00+00:00,0.0,st4_conus.2023012504.01h.grb2,conus,WatershedFraction
2023-01-25 05:00:00+00:00,0.0,st4_conus.2023012505.01h.grb2,conus,WatershedFraction
2023-01-25 06:00:00+00:00,0.0,st4_conus.2023012506.01h.grb2,conus,WatershedFraction
2023-01-25 07:00:00+00:00,0.0,st4_conus.2023012507.01h.grb2,conus,WatershedFraction
2023-01-25 08:00:00+00:00,0.0191578469488189,st4_conus.2023012508.01h.grb2,conus,WatershedFraction
2023-01-25 09:00:00+00:00,0.06066872785433071,st4_conus.2023012509.01h.grb2,conus,WatershedFraction
2023-01-25 10:00:00+00:00,0.02943853346456693,st4_conus.2023012510.01h.grb2,conus,WatershedFraction
2023-01-25 11:00:00+00:00,0.26980290846456695,st4_conus.2023012511.01h.grb2,conus,WatershedFraction
2023-01-25 12:00:00+00:00,0.35132676673228347,st4_conus.2023012512.01h.grb2,conus,WatershedFraction
2023-01-25 13:00:00+00:00,0.0838778371062992,st4_conus.2023012513.01h.grb2,conus,WatershedFraction
2023-01-25 14:00:00+00:00,0.06283741879921259,st4_conus.2023012514.01h.grb2,conus,WatershedFraction
2023-01-25 15:00:00+00:00,0.0,st4_conus.2023012515.01h.grb2,conus,WatershedFraction
2023-01-25 16:00:00+00:00,0.0,st4_conus.2023012516.01h.grb2,conus,WatershedFraction
2023-01-25 17:00:00+00:00,0.0,st4_conus.2023012517.01h.grb2,conus,WatershedFraction
2023-01-25 18:00:00+00:00,0.0,st4_conus.2023012518.01h.grb2,conus,WatershedFraction
2023-01-25 19:00:00+00:00,0.0,st4_conus.2023012519.01h.grb2,conus,WatershedFraction
2023-01-25 20:00:00+00:00,0.0,st4_conus.2023012520.01h.grb2,conus,WatershedFraction
2023-01-25 21:00:00+00:00,0.0,st4_conus.2023012521.01h.grb2,conus,WatershedFraction
2023-01-25 22:00:00+00:00,0.0,st4_conus.2023012522.01h.grb2,conus,WatershedFraction
2023-01-25 23:00:00+00:00,0.0,st4_conus.2023012523.01h.grb2,conus,WatershedFraction
2023-01-26 00:00:00+00:00,0.0,st4_conus.2023012600.01h.grb2,conus,WatershedFraction
2023-01-26 01:00:00+00:00,0.0,st4_conus.2023012601.01h.grb2,conus,WatershedFraction
2023-01-26 02:00:00+00:00,0.0,st4_conus.2023012602.01h.grb2,conus,WatershedFraction
2023-01-26 03:00:00+00:00,0.0,st4_conus.2023012603.01h.grb2,conus,WatershedFraction
2023-01-26 04:00:00+00:00,0.0,st4_conus.2023012604.01h.grb2,conus,WatershedFraction
2023-01-26 05:00:00+00:00,0.0,st4_conus.2023012605.01h.grb2,conus,WatershedFraction
2023-01-26 06:00:00+00:00,0.0,st4_conus.2023012606.01h.grb2,conus,WatershedFraction
2023-01-26 07:00:00+00:00,0.0,st4_conus.2023012607.01h.grb2,conus,WatershedFraction
2023-01-26 08:00:00+00:00,0.0,st4_conus.2023012608.01h.grb2,conus,WatershedFraction
2023-01-26 09:00:00+00:00,0.0,st4_conus.2023012609.01h.grb2,conus,WatershedFraction
2023-01-26 10:00:00+00:00,0.0,st4_conus.2023012610.01h.grb2,conus,WatershedFraction
2023-01-26 11:00:00+00:00,0.0,st4_conus.2023012611.01h.grb2,conus,WatershedFraction
2023-01-26 12:00:00+00:00,0.0,st4_conus.2023012612.01h.grb2,conus,WatershedFraction
2023-01-26 13:00:00+00:00,0.0,st4_conus.2023012613.01h.grb2,conus,WatershedFraction
2023-01-26 14:00:00+00:00,0.0,st4_conus.2023012614.01h.grb2,conus,WatershedFraction
2023-01-26 15:00:00+00:00,0.0,st4_conus.2023012615.01h.grb2,conus,WatershedFraction
2023-01-26 16:00:00+00:00,0.0,st4_conus.2023012616.01h.grb2,conus,WatershedFraction
2023-01-26 17:00:00+00:00,0.0,st4_conus.2023012617.01h.grb2,conus,WatershedFraction
2023-01-26 18:00:00+00:00,0.0,st4_conus.2023012618.01h.grb2,conus,WatershedFraction
2023-01-26 19:00:00+00:00,0.0,st4_conus.2023012619.01h.grb2,conus,WatershedFraction
2023-01-26 20:00:00+00:00,0.0,st4_conus.2023012620.01h.grb2,conus,WatershedFraction
2023-01-26 21:00:00+00:00,0.0,st4_conus.2023012621.01h.grb2,conus,WatershedFraction
2023-01-26 22:00:00+00:00,0.0,st4_conus.2023012622.01h.grb2,conus,WatershedFraction
2023-01-26 23:00:00+00:00,0.0,st4_conus.2023012623.01h.grb2,conus,WatershedFraction
2023-01-27 00:00:00+00:00,0.0,st4_conus.2023012700.01h.grb2,conus,WatershedFraction
2023-01-27 01:00:00+00:00,0.0,st4_conus.2023012701.01h.grb2,conus,WatershedFraction
2023-01-27 02:00:00+00:00,0.0,st4_conus.2023012702.01h.grb2,conus,WatershedFraction
2023-01-27 03:00:00+00:00,0.0,st4_conus.2023012703.01h.grb2,conus,WatershedFraction
2023-01-27 04:00:00+00:00,0.0,st4_conus.2023012704.01h.grb2,conus,WatershedFraction
2023-01-27 05:00:00+00:00,0.0,st4_conus.2023012705.01h.grb2,conus,WatershedFraction
2023-01-27 06:00:00+00:00,0.0,st4_conus.2023012706.01h.grb2,conus,WatershedFraction
2023-01-27 07:00:00+00:00,0.0,st4_conus.2023012707.01h.grb2,conus,WatershedFraction
2023-01-27 08:00:00+00:00,0.0,st4_conus.2023012708.01h.grb2,conus,WatershedFraction
2023-01-27 09:00:00+00:00,0.0,st4_conus.2023012709.01h.grb2,conus,WatershedFraction
2023-01-27 10:00:00+00:00,0.0,st4_conus.2023012710.01h.grb2,conus,WatershedFraction
2023-01-27 11:00:00+00:00,0.0,st4_conus.2023012711.01h.grb2,conus,WatershedFraction
2023-01-27 12:00:00+00:00,0.0,st4_conus.2023012712.01h.grb2,conus,WatershedFraction
2023-01-27 13:00:00+00:00,0.0,st4_conus.2023012713.01h.grb2,conus,WatershedFraction
2023-01-27 14:00:00+00:00,0.0,st4_conus.2023012714.01h.grb2,conus,WatershedFraction
2023-01-27 15:00:00+00:00,0.0,st4_conus.2023012715.01h.grb2,conus,WatershedFraction
2023-01-27 16:00:00+00:00,0.0,st4_conus.2023012716.01h.grb2,conus,WatershedFraction
2023-01-27 17:00:00+00:00,0.0,st4_conus.2023012717.01h.grb2,conus,WatershedFraction
2023-01-27 18:00:00+00:00,0.0,st4_conus.2023012718.01h.grb2,conus,WatershedFraction
2023-01-27 19:00:00+00:00,0.0,st4_conus.2023012719.01h.grb2,conus,WatershedFraction
2023-01-27 20:00:00+00:00,0.0,st4_conus.2023012720.01h.grb2,conus,WatershedFraction
2023-01-27 21:00:00+00:00,0.0,st4_conus.2023012721.01h.grb2,conus,WatershedFraction
2023-01-27 22:00:00+00:00,0.0,st4_conus.2023012722.01h.grb2,conus,WatershedFraction
2023-01-27 23:00:00+00:00,0.0,st4_conus.2023012723.01h.grb2,conus,WatershedFraction
2023-01-28 00:00:00+00:00,0.0,st4_conus.2023012800.01h.grb2,conus,WatershedFraction
2023-01-28 01:00:00+00:00,0.0,st4_conus.2023012801.01h.grb2,conus,WatershedFraction
2023-01-28 02:00:00+00:00,0.0,st4_conus.2023012802.01h.grb2,conus,WatershedFraction
2023-01-28 03:00:00+00:00,0.0,st4_conus.2023012803.01h.grb2,conus,WatershedFraction
2023-01-28 04:00:00+00:00,0.0,st4_conus.2023012804.01h.grb2,conus,WatershedFraction
2023-01-28 05:00:00+00:00,0.0,st4_conus.2023012805.01h.grb2,conus,WatershedFraction
2023-01-28 06:00:00+00:00,0.0,st4_conus.2023012806.01h.grb2,conus,WatershedFraction
2023-01-28 07:00:00+00:00,0.0,st4_conus.2023012807.01h.grb2,conus,WatershedFraction
2023-01-28 08:00:00+00:00,0.0,st4_conus.2023012808.01h.grb2,conus,WatershedFraction
2023-01-28 09:00:00+00:00,0.0,st4_conus.2023012809.01h.grb2,conus,WatershedFraction
2023-01-28 10:00:00+00:00,0.0,st4_conus.2023012810.01h.grb2,conus,WatershedFraction
2023-01-28 11:00:00+00:00,0.0,st4_conus.2023012811.01h.grb2,conus,WatershedFraction
2023-01-28 12:00:00+00:00,0.0,st4_conus.2023012812.01h.grb2,conus,WatershedFraction
2023-01-28 13:00:00+00:00,0.0,st4_conus.2023012813.01h.grb2,conus,WatershedFraction
2023-01-28 14:00:00+00:00,0.0,st4_conus.2023012814.01h.grb2,conus,WatershedFraction
2023-01-28 15:00:00+00:00,0.0,st4_conus.2023012815.01h.grb2,conus,WatershedFraction
2023-01-28 16:00:00+00:00,0.0,st4_conus.2023012816.01h.grb2,conus,WatershedFraction
2023-01-28 17:00:00+00:00,0.0,st4_conus.2023012817.01h.grb2,conus,WatershedFraction
2023-01-28 18:00:00+00:00,0.0,st4_conus.2023012818.01h.grb2,conus,WatershedFraction
2023-01-28 19:00:00+00:00,0.0,st4_conus.2023012819.01h.grb2,conus,WatershedFraction
2023-01-28 20:00:00+00:00,0.0,st4_conus.2023012820.01h.grb2,conus,WatershedFraction
2023-01-28 21:00:00+00:00,0.0,st4_conus.2023012821.01h.grb2,conus,WatershedFraction
2023-01-28 22:00:00+00:00,0.0,st4_conus.2023012822.01h.grb2,conus,WatershedFraction
2023-01-28 23:00:00+00:00,0.0,st4_conus.2023012823.01h.grb2,conus,WatershedFraction
2023-01-29 00:00:00+00:00,0.0,st4_conus.2023012900.01h.grb2,conus,WatershedFraction
2023-01-29 01:00:00+00:00,0.0,st4_conus.2023012901.01h.grb2,conus,WatershedFraction
2023-01-29 02:00:00+00:00,0.0,st4_conus.2023012902.01h.grb2,conus,WatershedFraction
2023-01-29 03:00:00+00:00,0.0,st4_conus.2023012903.01h.grb2,conus,WatershedFraction
2023-01-29 04:00:00+00:00,0.0,st4_conus.2023012904.01h.grb2,conus,WatershedFraction
2023-01-29 05:00:00+00:00,0.0,st4_conus.2023012905.01h.grb2,conus,WatershedFraction
2023-01-29 06:00:00+00:00,0.0,st4_conus.2023012906.01h.grb2,conus,WatershedFraction
2023-01-29 07:00:00+00:00,0.0,st4_conus.2023012907.01h.grb2,conus,WatershedFraction
2023-01-29 08:00:00+00:00,0.0,st4_conus.2023012908.01h.grb2,conus,WatershedFraction
2023-01-29 09:00:00+00:00,0.0,st4_conus.2023012909.01h.grb2,conus,WatershedFraction
2023-01-29 10:00:00+00:00,0.0,st4_conus.2023012910.01h.grb2,conus,WatershedFraction
2023-01-29 11:00:00+00:00,0.0,st4_conus.2023012911.01h.grb2,conus,WatershedFraction
2023-01-29 12:00:00+00:00,0.0,st4_conus.2023012912.01h.grb2,conus,WatershedFraction
2023-01-29 13:00:00+00:00,0.0,st4_conus.2023012913.01h.grb2,conus,WatershedFraction
2023-01-29 14:00:00+00:00,0.0,st4_conus.2023012914.01h.grb2,conus,WatershedFraction
2023-01-29 15:00:00+00:00,0.0,st4_conus.2023012915.01h.grb2,conus,WatershedFraction
2023-01-29 16:00:00+00:00,0.0,st4_conus.2023012916.01h.grb2,conus,WatershedFraction
2023-01-29 17:00:00+00:00,0.0,st4_conus.2023012917.01h.grb2,conus,WatershedFraction
2023-01-29 18:00:00+00:00,0.0,st4_conus.2023012918.01h.grb2,conus,WatershedFraction
2023-01-29 19:00:00+00:00,0.0,st4_conus.2023012919.01h.grb2,conus,WatershedFraction
2023-01-29 20:00:00+00:00,0.0,st4_conus.2023012920.01h.grb2,conus,WatershedFraction
2023-01-29 21:00:00+00:00,0.0,st4_conus.2023012921.01h.grb2,conus,WatershedFraction
2023-01-29 22:00:00+00:00,0.016563252952755906,st4_conus.2023012922.01h.grb2,conus,WatershedFraction
2023-01-29 23:00:00+00:00,0.018590044291338582,st4_conus.2023012923.01h.grb2,conus,WatershedFraction
2023-01-30 00:00:00+00:00,0.035684896653543303,st4_conus.2023013000.01h.grb2,conus,WatershedFraction
2023-01-30 01:00:00+00:00,0.05897857283464568,st4_conus.2023013001.01h.grb2,conus,WatershedFraction
2023-01-30 02:00:00+00:00,0.19621127460629922,st4_conus.2023013002.01h.grb2,conus,WatershedFraction
2023-01-30 03:00:00+00:00,0.16908595472440946,st4_conus.2023013003.01h.grb2,conus,WatershedFraction
2023-01-30 04:00:00+00:00,0.04592717519685039,st4_conus.2023013004.01h.grb2,conus,WatershedFraction
2023-01-30 05:00:00+00:00,0.046188324311023626,st4_conus.2023013005.01h.grb2,conus,WatershedFraction
2023-01-30 06:00:00+00:00,0.09235936269685038,st4_conus.2023013006.01h.grb2,conus,WatershedFraction
2023-01-30 07:00:00+00:00,0.061553801673228346,st4_conus.2023013007.01h.grb2,conus,WatershedFraction
2023-01-30 08:00:00+00:00,0.05321015501968504,st4_conus.2023013008.01h.grb2,conus,WatershedFraction
2023-01-30 09:00:00+00:00,0.02807666338582677,st4_conus.2023013009.01h.grb2,conus,WatershedFraction
2023-01-30 10:00:00+00:00,0.08779284448818897,st4_conus.2023013010.01h.grb2,conus,WatershedFraction
2023-01-30 11:00:00+00:00,0.09319524852362206,st4_conus.2023013011.01h.grb2,conus,WatershedFraction
2023-01-30 12:00:00+00:00,0.02272499753937008,st4_conus.2023013012.01h.grb2,conus,WatershedFraction
2023-01-30 13:00:00+00:00,0.0,st4_conus.2023013013.01h.grb2,conus,WatershedFraction
2023-01-30 14:00:00+00:00,0.0,st4_conus.2023013014.01h.grb2,conus,WatershedFraction
2023-01-30 15:00:00+00:00,0.004921259842519685,st4_conus.2023013015.01h.grb2,conus,WatershedFraction
2023-01-30 16:00:00+00:00,0.0,st4_conus.2023013016.01h.grb2,conus,WatershedFraction
2023-01-30 17:00:00+00:00,0.0,st4_conus.2023013017.01h.grb2,conus,WatershedFraction
2023-01-30 18:00:00+00:00,0.0,st4_conus.2023013018.01h.grb2,conus,WatershedFraction
2023-01-30 19:00:00+00:00,0.0,st4_conus.2023013019.01h.grb2,conus,WatershedFraction
2023-01-30 20:00:00+00:00,0.0,st4_conus.2023013020.01h.grb2,conus,WatershedFraction
2023-01-30 21:00:00+00:00,0.0,st4_conus.2023013021.01h.grb2,conus,WatershedFraction
2023-01-30 22:00:00+00:00,0.0,st4_conus.2023013022.01h.grb2,conus,WatershedFraction
2023-01-30 23:00:00+00:00,0.0,st4_conus.2023013023.01h.grb2,conus,WatershedFraction
2023-01-31 00:00:00+00:00,0.0,st4_conus.2023013100.01h.grb2,conus,WatershedFraction
2023-01-31 01:00:00+00:00,0.0,st4_conus.2023013101.01h.grb2,conus,WatershedFraction
2023-01-31 02:00:00+00:00,0.0,st4_conus.2023013102.01h.grb2,conus,WatershedFraction
2023-01-31 03:00:00+00:00,0.0,st4_conus.2023013103.01h.grb2,conus,WatershedFraction
2023-01-31 04:00:00+00:00,0.0,st4_conus.2023013104.01h.grb2,conus,WatershedFraction
2023-01-31 05:00:00+00:00,0.004921259842519685,st4_conus.2023013105.01h.grb2,conus,WatershedFraction
2023-01-31 06:00:00+00:00,0.0,st4_conus.2023013106.01h.grb2,conus,WatershedFraction
2023-01-31 07:00:00+00:00,0.0,st4_conus.2023013107.01h.grb2,conus,WatershedFraction
2023-01-31 08:00:00+00:00,0.0,st4_conus.2023013108.01h.grb2,conus,WatershedFraction
2023-01-31 09:00:00+00:00,0.0,st4_conus.2023013109.01h.grb2,conus,WatershedFraction
2023-01-31 10:00:00+00:00,0.0,st4_conus.2023013110.01h.grb2,conus,WatershedFraction
2023-01-31 11:00:00+00:00,0.0,st4_conus.2023013111.01h.grb2,conus,WatershedFraction
2023-01-31 12:00:00+00:00,0.0,st4_conus.2023013112.01h.grb2,conus,WatershedFraction
2023-01-31 13:00:00+00:00,0.0,st4_conus.2023013113.01h.grb2,conus,WatershedFraction
2023-01-31 14:00:00+00:00,0.0,st4_conus.2023013114.01h.grb2,conus,WatershedFraction
2023-01-31 15:00:00+00:00,0.0,st4_conus.2023013115.01h.grb2,conus,WatershedFraction
2023-01-31 16:00:00+00:00,0.0,st4_conus.2023013116.01h.grb2,conus,WatershedFraction
2023-01-31 17:00:00+00:00,0.0,st4_conus.2023013117.01h.grb2,conus,WatershedFraction
2023-01-31 18:00:00+00:00,0.0,st4_conus.2023013118.01h.grb2,conus,WatershedFraction
2023-01-31 19:00:00+00:00,0.0,st4_conus.2023013119.01h.grb2,conus,WatershedFraction
2023-01-31 20:00:00+00:00,0.0,st4_conus.2023013120.01h.grb2,conus,WatershedFraction
2023-01-31 21:00:00+00:00,0.0,st4_conus.2023013121.01h.grb2,conus,WatershedFraction
2023-01-31 22:00:00+00:00,0.0,st4_conus.2023013122.01h.grb2,conus,WatershedFraction
2023-01-31 23:00:00+00:00,0.0,st4_conus.2023013123.01h.grb2,conus,WatershedFraction
