site,metric_column,metric_label,n_stageiv,n_pointgage,stageiv_mean,pointgage_mean,stageiv_median,pointgage_median,mean_difference_stageiv_minus_pointgage,median_difference_stageiv_minus_pointgage,mannwhitney_u_stat,mannwhitney_p,mannwhitney_significant_alpha_0.05,ks_stat,ks_p,ks_significant_alpha_0.05,anderson_darling_stat,anderson_darling_p,anderson_darling_significant_alpha_0.05,permutation_mean_difference_stat,permutation_mean_difference_p,permutation_significant_alpha_0.05,cliffs_delta,CLIFFS DELTA ABS VALUE
Atlanta,depth_in,Event Depth (in),589,503,0.758534804,0.787316103,0.478324444,0.52,-0.0287813,-0.041675556,143730,0.396662377,FALSE,0.044895314,0.622830645,FALSE,-0.549459469,0.66,FALSE,-0.0287813,0.5758,FALSE,-0.029726564,0.029726564
Atlanta,duration_hr,Event Duration (hr),589,503,15.77928693,13.50298211,11,10,2.27630482,1,163945.5,0.002314066,TRUE,0.078773539,0.064302235,FALSE,7.197080976,0.0005,TRUE,2.27630482,0.0062,TRUE,0.106741554,0.106741554
Atlanta,time_to_peak_hr,Time to Peak (hr),589,503,7.56196944,5.500994036,4,2,2.060975404,2,179090,1.94E-09,TRUE,0.186983363,8.88E-09,TRUE,36.39967002,0.0005,TRUE,2.060975404,0.0004,TRUE,0.208977038,0.208977038
Atlanta,avg_intensity_inhr,Average Intensity (in/hr),589,503,0.064629722,0.092607771,0.046929629,0.055,-0.027978049,-0.008070371,127883,9.69E-05,TRUE,0.121137352,0.000618384,TRUE,10.84086305,0.0005,TRUE,-0.027978049,0.0002,TRUE,-0.136704392,0.136704392
Atlanta,peak_hourly_intensity_inhr,Peak Hourly Intensity (in/hr),589,503,0.272298088,0.328827038,0.201291469,0.23,-0.05652895,-0.028708531,136400,0.023902418,TRUE,0.08096413,0.053066105,FALSE,3.662699925,0.0125,TRUE,-0.05652895,0.0012,TRUE,-0.079208957,0.079208957
Atlanta,dry_time_prior_hr,Dry Time Prior (hr),588,502,59.04251701,76.22908367,33.5,48,-17.18656666,-14.5,125783.5,2.56E-05,TRUE,0.119630322,0.000765261,TRUE,11.26101189,0.0005,TRUE,-17.18656666,0.0002,TRUE,-0.147738976,0.147738976
Atlanta,wet_duration_hr,Wet Duration (hr),589,503,10.76570458,8.369781312,7,6,2.395923272,1,176608.5,3.90E-08,TRUE,0.138678962,5.07E-05,TRUE,23.33764001,0.0005,TRUE,2.395923272,0.0002,TRUE,0.192225256,0.192225256
Atlanta,max_internal_dry_gap_hr,Max Internal Dry Gap (hr),589,503,2.823429542,3.041749503,2,2,-0.218319961,0,143216.5,0.333965498,FALSE,0.034411527,0.889842757,FALSE,-0.397394894,0.4865,FALSE,-0.218319961,0.2516,FALSE,-0.033193032,0.033193032
Austin,depth_in,Event Depth (in),348,326,0.719538841,0.700122699,0.41733449,0.44,0.019416142,-0.02266551,55719,0.690848923,FALSE,0.077586207,0.245382857,FALSE,0.029595776,0.345,FALSE,0.019416142,0.7456,FALSE,-0.017717368,0.017717368
Austin,duration_hr,Event Duration (hr),348,326,10.24425287,6.125766871,8,4,4.118486002,4,76475.5,4.48E-15,TRUE,0.23979268,5.34E-09,TRUE,46.25481442,0.0005,TRUE,4.118486002,0.0002,TRUE,0.348203582,0.348203582
Austin,time_to_peak_hr,Time to Peak (hr),348,326,4.333333333,2.012269939,2,1,2.321063395,1,77037.5,2.08E-16,TRUE,0.293649954,2.54E-13,TRUE,63.27494248,0.0005,TRUE,2.321063395,0.0002,TRUE,0.358111205,0.358111205
Austin,avg_intensity_inhr,Average Intensity (in/hr),348,326,0.094871775,0.164914135,0.058454799,0.104761905,-0.07004236,-0.046307106,38362,3.63E-13,TRUE,0.252785417,5.90E-10,TRUE,35.09593156,0.0005,TRUE,-0.07004236,0.0002,TRUE,-0.323707778,0.323707778
Austin,peak_hourly_intensity_inhr,Peak Hourly Intensity (in/hr),348,326,0.339370112,0.373865031,0.190444633,0.24,-0.034494919,-0.049555367,52098,0.066990511,FALSE,0.152351738,0.000689874,TRUE,2.344315487,0.0355,TRUE,-0.034494919,0.2232,FALSE,-0.081552782,0.081552782
Austin,dry_time_prior_hr,Dry Time Prior (hr),347,325,86.78097983,141.8,41,72,-55.01902017,-31,44703,3.38E-06,TRUE,0.151318998,0.000786512,TRUE,14.26104813,0.0005,TRUE,-55.01902017,0.0002,TRUE,-0.207217912,0.207217912
Austin,wet_duration_hr,Wet Duration (hr),348,326,8.057471264,4.32208589,6,3,3.735385375,3,82268.5,2.79E-24,TRUE,0.326757633,1.97E-16,TRUE,78.20259316,0.0005,TRUE,3.735385375,0.0002,TRUE,0.450329666,0.450329666
Austin,max_internal_dry_gap_hr,Max Internal Dry Gap (hr),348,326,1.382183908,1.211656442,1,0,0.170527466,1,60341.5,0.125130481,FALSE,0.071592271,0.33250364,FALSE,1.140955409,0.1665,FALSE,0.170527466,0.1796,FALSE,0.063773711,0.063773711
Philadelphia,depth_in,Event Depth (in),567,529,0.772774543,0.668449905,0.49438035,0.43,0.104324638,0.06438035,162128,0.020261931,TRUE,0.063622088,0.205805545,FALSE,2.941532988,0.0145,TRUE,0.104324638,0.013,TRUE,0.081058734,0.081058734
Philadelphia,duration_hr,Event Duration (hr),567,529,16.40917108,11.85444234,13,9,4.554728732,4,187692,5.63E-13,TRUE,0.178740627,4.00E-08,TRUE,36.73081997,0.0005,TRUE,4.554728732,0.0002,TRUE,0.251517788,0.251517788
Philadelphia,time_to_peak_hr,Time to Peak (hr),567,529,7.869488536,4.947069943,5,2,2.922418593,3,190723.5,5.29E-15,TRUE,0.215991038,1.12E-11,TRUE,47.70124645,0.0005,TRUE,2.922418593,0.0002,TRUE,0.271731629,0.271731629
Philadelphia,avg_intensity_inhr,Average Intensity (in/hr),567,529,0.057706842,0.079580814,0.041453731,0.055,-0.021873972,-0.013546269,124987,1.83E-06,TRUE,0.146574516,1.33E-05,TRUE,14.64271211,0.0005,TRUE,-0.021873972,0.0002,TRUE,-0.166594986,0.166594986
Philadelphia,peak_hourly_intensity_inhr,Peak Hourly Intensity (in/hr),567,529,0.233768258,0.257844991,0.154490978,0.17,-0.024076733,-0.015509022,144568,0.302132541,FALSE,0.057650954,0.306799492,FALSE,-0.050650513,0.379,FALSE,-0.024076733,0.1116,FALSE,-0.036030179,0.036030179
Philadelphia,dry_time_prior_hr,Dry Time Prior (hr),567,528,66.76366843,82.26325758,48,60.5,-15.49958915,-12.5,130967.5,0.000343326,TRUE,0.108535754,0.002870007,TRUE,8.255737379,0.0015,TRUE,-15.49958915,0.0074,TRUE,-0.125063465,0.125063465
Philadelphia,wet_duration_hr,Wet Duration (hr),567,529,12.15873016,8.251417769,10,6,3.907312389,4,198273.5,2.46E-20,TRUE,0.247990452,2.79E-15,TRUE,62.94035561,0.0005,TRUE,3.907312389,0.0002,TRUE,0.322074527,0.322074527
Philadelphia,max_internal_dry_gap_hr,Max Internal Dry Gap (hr),567,529,2.580246914,2.302457467,2,1,0.277789447,1,157369.5,0.145984015,FALSE,0.040637721,0.734948956,FALSE,0.665153177,0.204,FALSE,0.277789447,0.0938,FALSE,0.049329373,0.049329373