DateTimeUTC,StageIV_Precip_in,SelectedFile,SourceType,WeightColUsed,LoadMethod
2020-04-01 00:00:00+00:00,0.0,ST4.2020040100.01h,legacy,WatershedFraction,pygrib:tp
2020-04-01 01:00:00+00:00,0.0,ST4.2020040101.01h,legacy,WatershedFraction,pygrib:tp
2020-04-01 02:00:00+00:00,0.0,ST4.2020040102.01h,legacy,WatershedFraction,pygrib:tp
2020-04-01 03:00:00+00:00,0.0,ST4.2020040103.01h,legacy,WatershedFraction,pygrib:tp
2020-04-01 04:00:00+00:00,0.0,ST4.2020040104.01h,legacy,WatershedFraction,pygrib:tp
2020-04-01 05:00:00+00:00,0.0,ST4.2020040105.01h,legacy,WatershedFraction,pygrib:tp
2020-04-01 06:00:00+00:00,0.0,ST4.2020040106.01h,legacy,WatershedFraction,pygrib:tp
2020-04-01 07:00:00+00:00,0.0,ST4.2020040107.01h,legacy,WatershedFraction,pygrib:tp
2020-04-01 08:00:00+00:00,0.0,ST4.2020040108.01h,legacy,WatershedFraction,pygrib:tp
2020-04-01 09:00:00+00:00,0.0,ST4.2020040109.01h,legacy,WatershedFraction,pygrib:tp
2020-04-01 10:00:00+00:00,0.0,ST4.2020040110.01h,legacy,WatershedFraction,pygrib:tp
2020-04-01 11:00:00+00:00,0.0,ST4.2020040111.01h,legacy,WatershedFraction,pygrib:tp
2020-04-01 12:00:00+00:00,0.0,ST4.2020040112.01h,legacy,WatershedFraction,pygrib:tp
2020-04-01 13:00:00+00:00,0.0,ST4.2020040113.01h,legacy,WatershedFraction,pygrib:tp
2020-04-01 14:00:00+00:00,0.0,ST4.2020040114.01h,legacy,WatershedFraction,pygrib:tp
2020-04-01 15:00:00+00:00,0.0,ST4.2020040115.01h,legacy,WatershedFraction,pygrib:tp
2020-04-01 16:00:00+00:00,0.0,ST4.2020040116.01h,legacy,WatershedFraction,pygrib:tp
2020-04-01 17:00:00+00:00,0.0,ST4.2020040117.01h,legacy,WatershedFraction,pygrib:tp
2020-04-01 18:00:00+00:00,0.0,ST4.2020040118.01h,legacy,WatershedFraction,pygrib:tp
2020-04-01 19:00:00+00:00,0.0,ST4.2020040119.01h,legacy,WatershedFraction,pygrib:tp
2020-04-01 20:00:00+00:00,0.0,ST4.2020040120.01h,legacy,WatershedFraction,pygrib:tp
2020-04-01 21:00:00+00:00,0.0,ST4.2020040121.01h,legacy,WatershedFraction,pygrib:tp
2020-04-01 22:00:00+00:00,0.0,ST4.2020040122.01h,legacy,WatershedFraction,pygrib:tp
2020-04-01 23:00:00+00:00,0.0,ST4.2020040123.01h,legacy,WatershedFraction,pygrib:tp
2020-04-02 00:00:00+00:00,0.0,ST4.2020040200.01h,legacy,WatershedFraction,pygrib:tp
2020-04-02 01:00:00+00:00,0.0,ST4.2020040201.01h,legacy,WatershedFraction,pygrib:tp
2020-04-02 02:00:00+00:00,0.0,ST4.2020040202.01h,legacy,WatershedFraction,pygrib:tp
2020-04-02 03:00:00+00:00,0.0,ST4.2020040203.01h,legacy,WatershedFraction,pygrib:tp
2020-04-02 04:00:00+00:00,0.0,ST4.2020040204.01h,legacy,WatershedFraction,pygrib:tp
2020-04-02 05:00:00+00:00,0.0,ST4.2020040205.01h,legacy,WatershedFraction,pygrib:tp
2020-04-02 06:00:00+00:00,0.0,ST4.2020040206.01h,legacy,WatershedFraction,pygrib:tp
2020-04-02 07:00:00+00:00,0.0,ST4.2020040207.01h,legacy,WatershedFraction,pygrib:tp
2020-04-02 08:00:00+00:00,0.0,ST4.2020040208.01h,legacy,WatershedFraction,pygrib:tp
2020-04-02 09:00:00+00:00,0.0,ST4.2020040209.01h,legacy,WatershedFraction,pygrib:tp
2020-04-02 10:00:00+00:00,0.0,ST4.2020040210.01h,legacy,WatershedFraction,pygrib:tp
2020-04-02 11:00:00+00:00,0.0,ST4.2020040211.01h,legacy,WatershedFraction,pygrib:tp
2020-04-02 12:00:00+00:00,0.0,ST4.2020040212.01h,legacy,WatershedFraction,pygrib:tp
2020-04-02 13:00:00+00:00,0.0,ST4.2020040213.01h,legacy,WatershedFraction,pygrib:tp
2020-04-02 14:00:00+00:00,0.0,ST4.2020040214.01h,legacy,WatershedFraction,pygrib:tp
2020-04-02 15:00:00+00:00,0.0,ST4.2020040215.01h,legacy,WatershedFraction,pygrib:tp
2020-04-02 16:00:00+00:00,0.0,ST4.2020040216.01h,legacy,WatershedFraction,pygrib:tp
2020-04-02 17:00:00+00:00,0.0,ST4.2020040217.01h,legacy,WatershedFraction,pygrib:tp
2020-04-02 18:00:00+00:00,0.0,ST4.2020040218.01h,legacy,WatershedFraction,pygrib:tp
2020-04-02 19:00:00+00:00,0.0,ST4.2020040219.01h,legacy,WatershedFraction,pygrib:tp
2020-04-02 20:00:00+00:00,0.0,ST4.2020040220.01h,legacy,WatershedFraction,pygrib:tp
2020-04-02 21:00:00+00:00,0.0,ST4.2020040221.01h,legacy,WatershedFraction,pygrib:tp
2020-04-02 22:00:00+00:00,0.0,ST4.2020040222.01h,legacy,WatershedFraction,pygrib:tp
2020-04-02 23:00:00+00:00,0.0,ST4.2020040223.01h,legacy,WatershedFraction,pygrib:tp
2020-04-03 00:00:00+00:00,0.0,ST4.2020040300.01h,legacy,WatershedFraction,pygrib:tp
2020-04-03 01:00:00+00:00,0.0,ST4.2020040301.01h,legacy,WatershedFraction,pygrib:tp
2020-04-03 02:00:00+00:00,0.0,ST4.2020040302.01h,legacy,WatershedFraction,pygrib:tp
2020-04-03 03:00:00+00:00,0.0,ST4.2020040303.01h,legacy,WatershedFraction,pygrib:tp
2020-04-03 04:00:00+00:00,0.0,ST4.2020040304.01h,legacy,WatershedFraction,pygrib:tp
2020-04-03 05:00:00+00:00,0.0,ST4.2020040305.01h,legacy,WatershedFraction,pygrib:tp
2020-04-03 06:00:00+00:00,0.0,ST4.2020040306.01h,legacy,WatershedFraction,pygrib:tp
2020-04-03 07:00:00+00:00,0.0,ST4.2020040307.01h,legacy,WatershedFraction,pygrib:tp
2020-04-03 08:00:00+00:00,0.0,ST4.2020040308.01h,legacy,WatershedFraction,pygrib:tp
2020-04-03 09:00:00+00:00,0.0,ST4.2020040309.01h,legacy,WatershedFraction,pygrib:tp
2020-04-03 10:00:00+00:00,0.0,ST4.2020040310.01h,legacy,WatershedFraction,pygrib:tp
2020-04-03 11:00:00+00:00,0.0,ST4.2020040311.01h,legacy,WatershedFraction,pygrib:tp
2020-04-03 12:00:00+00:00,0.0,ST4.2020040312.01h,legacy,WatershedFraction,pygrib:tp
2020-04-03 13:00:00+00:00,0.000404015950039471,ST4.2020040313.01h,legacy,WatershedFraction,pygrib:tp
2020-04-03 14:00:00+00:00,0.04173616122241132,ST4.2020040314.01h,legacy,WatershedFraction,pygrib:tp
2020-04-03 15:00:00+00:00,0.019366613620314683,ST4.2020040315.01h,legacy,WatershedFraction,pygrib:tp
2020-04-03 16:00:00+00:00,0.0,ST4.2020040316.01h,legacy,WatershedFraction,pygrib:tp
2020-04-03 17:00:00+00:00,0.0,ST4.2020040317.01h,legacy,WatershedFraction,pygrib:tp
2020-04-03 18:00:00+00:00,0.0,ST4.2020040318.01h,legacy,WatershedFraction,pygrib:tp
2020-04-03 19:00:00+00:00,0.0,ST4.2020040319.01h,legacy,WatershedFraction,pygrib:tp
2020-04-03 20:00:00+00:00,0.0,ST4.2020040320.01h,legacy,WatershedFraction,pygrib:tp
2020-04-03 21:00:00+00:00,0.0,ST4.2020040321.01h,legacy,WatershedFraction,pygrib:tp
2020-04-03 22:00:00+00:00,0.0,ST4.2020040322.01h,legacy,WatershedFraction,pygrib:tp
2020-04-03 23:00:00+00:00,0.0,ST4.2020040323.01h,legacy,WatershedFraction,pygrib:tp
2020-04-04 00:00:00+00:00,0.0,ST4.2020040400.01h,legacy,WatershedFraction,pygrib:tp
2020-04-04 01:00:00+00:00,0.0,ST4.2020040401.01h,legacy,WatershedFraction,pygrib:tp
2020-04-04 02:00:00+00:00,0.009170130175616268,ST4.2020040402.01h,legacy,WatershedFraction,pygrib:tp
2020-04-04 03:00:00+00:00,0.0,ST4.2020040403.01h,legacy,WatershedFraction,pygrib:tp
2020-04-04 04:00:00+00:00,0.0,ST4.2020040404.01h,legacy,WatershedFraction,pygrib:tp
2020-04-04 05:00:00+00:00,0.0,ST4.2020040405.01h,legacy,WatershedFraction,pygrib:tp
2020-04-04 06:00:00+00:00,0.0,ST4.2020040406.01h,legacy,WatershedFraction,pygrib:tp
2020-04-04 07:00:00+00:00,0.0,ST4.2020040407.01h,legacy,WatershedFraction,pygrib:tp
2020-04-04 08:00:00+00:00,0.0,ST4.2020040408.01h,legacy,WatershedFraction,pygrib:tp
2020-04-04 09:00:00+00:00,0.0,ST4.2020040409.01h,legacy,WatershedFraction,pygrib:tp
2020-04-04 10:00:00+00:00,0.0,ST4.2020040410.01h,legacy,WatershedFraction,pygrib:tp
2020-04-04 11:00:00+00:00,0.0,ST4.2020040411.01h,legacy,WatershedFraction,pygrib:tp
2020-04-04 12:00:00+00:00,0.001079847587167888,ST4.2020040412.01h,legacy,WatershedFraction,pygrib:tp
2020-04-04 13:00:00+00:00,0.0,ST4.2020040413.01h,legacy,WatershedFraction,pygrib:tp
2020-04-04 14:00:00+00:00,0.0,ST4.2020040414.01h,legacy,WatershedFraction,pygrib:tp
2020-04-04 15:00:00+00:00,0.0,ST4.2020040415.01h,legacy,WatershedFraction,pygrib:tp
2020-04-04 16:00:00+00:00,0.0,ST4.2020040416.01h,legacy,WatershedFraction,pygrib:tp
2020-04-04 17:00:00+00:00,0.0,ST4.2020040417.01h,legacy,WatershedFraction,pygrib:tp
2020-04-04 18:00:00+00:00,0.0,ST4.2020040418.01h,legacy,WatershedFraction,pygrib:tp
2020-04-04 19:00:00+00:00,0.0,ST4.2020040419.01h,legacy,WatershedFraction,pygrib:tp
2020-04-04 20:00:00+00:00,0.0,ST4.2020040420.01h,legacy,WatershedFraction,pygrib:tp
2020-04-04 21:00:00+00:00,0.0,ST4.2020040421.01h,legacy,WatershedFraction,pygrib:tp
2020-04-04 22:00:00+00:00,0.0,ST4.2020040422.01h,legacy,WatershedFraction,pygrib:tp
2020-04-04 23:00:00+00:00,0.0,ST4.2020040423.01h,legacy,WatershedFraction,pygrib:tp
2020-04-05 00:00:00+00:00,0.0,ST4.2020040500.01h,legacy,WatershedFraction,pygrib:tp
2020-04-05 01:00:00+00:00,0.0,ST4.2020040501.01h,legacy,WatershedFraction,pygrib:tp
2020-04-05 02:00:00+00:00,0.0,ST4.2020040502.01h,legacy,WatershedFraction,pygrib:tp
2020-04-05 03:00:00+00:00,0.0,ST4.2020040503.01h,legacy,WatershedFraction,pygrib:tp
2020-04-05 04:00:00+00:00,0.0,ST4.2020040504.01h,legacy,WatershedFraction,pygrib:tp
2020-04-05 05:00:00+00:00,0.0,ST4.2020040505.01h,legacy,WatershedFraction,pygrib:tp
2020-04-05 06:00:00+00:00,0.0,ST4.2020040506.01h,legacy,WatershedFraction,pygrib:tp
2020-04-05 07:00:00+00:00,0.0,ST4.2020040507.01h,legacy,WatershedFraction,pygrib:tp
2020-04-05 08:00:00+00:00,0.0,ST4.2020040508.01h,legacy,WatershedFraction,pygrib:tp
2020-04-05 09:00:00+00:00,0.0,ST4.2020040509.01h,legacy,WatershedFraction,pygrib:tp
2020-04-05 10:00:00+00:00,0.0,ST4.2020040510.01h,legacy,WatershedFraction,pygrib:tp
2020-04-05 11:00:00+00:00,0.0,ST4.2020040511.01h,legacy,WatershedFraction,pygrib:tp
2020-04-05 12:00:00+00:00,0.0,ST4.2020040512.01h,legacy,WatershedFraction,pygrib:tp
2020-04-05 13:00:00+00:00,0.0,ST4.2020040513.01h,legacy,WatershedFraction,pygrib:tp
2020-04-05 14:00:00+00:00,0.0,ST4.2020040514.01h,legacy,WatershedFraction,pygrib:tp
2020-04-05 15:00:00+00:00,0.0,ST4.2020040515.01h,legacy,WatershedFraction,pygrib:tp
2020-04-05 16:00:00+00:00,0.0,ST4.2020040516.01h,legacy,WatershedFraction,pygrib:tp
2020-04-05 17:00:00+00:00,0.0,ST4.2020040517.01h,legacy,WatershedFraction,pygrib:tp
2020-04-05 18:00:00+00:00,0.0,ST4.2020040518.01h,legacy,WatershedFraction,pygrib:tp
2020-04-05 19:00:00+00:00,0.0,ST4.2020040519.01h,legacy,WatershedFraction,pygrib:tp
2020-04-05 20:00:00+00:00,0.0,ST4.2020040520.01h,legacy,WatershedFraction,pygrib:tp
2020-04-05 21:00:00+00:00,0.0,ST4.2020040521.01h,legacy,WatershedFraction,pygrib:tp
2020-04-05 22:00:00+00:00,0.0,ST4.2020040522.01h,legacy,WatershedFraction,pygrib:tp
2020-04-05 23:00:00+00:00,0.0,ST4.2020040523.01h,legacy,WatershedFraction,pygrib:tp
2020-04-06 00:00:00+00:00,0.0,ST4.2020040600.01h,legacy,WatershedFraction,pygrib:tp
2020-04-06 01:00:00+00:00,0.0,ST4.2020040601.01h,legacy,WatershedFraction,pygrib:tp
2020-04-06 02:00:00+00:00,0.0,ST4.2020040602.01h,legacy,WatershedFraction,pygrib:tp
2020-04-06 03:00:00+00:00,0.0,ST4.2020040603.01h,legacy,WatershedFraction,pygrib:tp
2020-04-06 04:00:00+00:00,0.0,ST4.2020040604.01h,legacy,WatershedFraction,pygrib:tp
2020-04-06 05:00:00+00:00,0.0,ST4.2020040605.01h,legacy,WatershedFraction,pygrib:tp
2020-04-06 06:00:00+00:00,0.0,ST4.2020040606.01h,legacy,WatershedFraction,pygrib:tp
2020-04-06 07:00:00+00:00,0.003157858665543506,ST4.2020040607.01h,legacy,WatershedFraction,pygrib:tp
2020-04-06 08:00:00+00:00,0.01289973085931425,ST4.2020040608.01h,legacy,WatershedFraction,pygrib:tp
2020-04-06 09:00:00+00:00,0.0,ST4.2020040609.01h,legacy,WatershedFraction,pygrib:tp
2020-04-06 10:00:00+00:00,0.0,ST4.2020040610.01h,legacy,WatershedFraction,pygrib:tp
2020-04-06 11:00:00+00:00,0.0,ST4.2020040611.01h,legacy,WatershedFraction,pygrib:tp
2020-04-06 12:00:00+00:00,0.0,ST4.2020040612.01h,legacy,WatershedFraction,pygrib:tp
2020-04-06 13:00:00+00:00,0.0,ST4.2020040613.01h,legacy,WatershedFraction,pygrib:tp
2020-04-06 14:00:00+00:00,0.0,ST4.2020040614.01h,legacy,WatershedFraction,pygrib:tp
2020-04-06 15:00:00+00:00,0.0,ST4.2020040615.01h,legacy,WatershedFraction,pygrib:tp
2020-04-06 16:00:00+00:00,0.0,ST4.2020040616.01h,legacy,WatershedFraction,pygrib:tp
2020-04-06 17:00:00+00:00,0.0,ST4.2020040617.01h,legacy,WatershedFraction,pygrib:tp
2020-04-06 18:00:00+00:00,0.0,ST4.2020040618.01h,legacy,WatershedFraction,pygrib:tp
2020-04-06 19:00:00+00:00,0.0,ST4.2020040619.01h,legacy,WatershedFraction,pygrib:tp
2020-04-06 20:00:00+00:00,0.0,ST4.2020040620.01h,legacy,WatershedFraction,pygrib:tp
2020-04-06 21:00:00+00:00,0.0,ST4.2020040621.01h,legacy,WatershedFraction,pygrib:tp
2020-04-06 22:00:00+00:00,0.0,ST4.2020040622.01h,legacy,WatershedFraction,pygrib:tp
2020-04-06 23:00:00+00:00,0.0,ST4.2020040623.01h,legacy,WatershedFraction,pygrib:tp
2020-04-07 00:00:00+00:00,0.0,ST4.2020040700.01h,legacy,WatershedFraction,pygrib:tp
2020-04-07 01:00:00+00:00,0.0,ST4.2020040701.01h,legacy,WatershedFraction,pygrib:tp
2020-04-07 02:00:00+00:00,0.0,ST4.2020040702.01h,legacy,WatershedFraction,pygrib:tp
2020-04-07 03:00:00+00:00,0.0,ST4.2020040703.01h,legacy,WatershedFraction,pygrib:tp
2020-04-07 04:00:00+00:00,0.0,ST4.2020040704.01h,legacy,WatershedFraction,pygrib:tp
2020-04-07 05:00:00+00:00,0.0,ST4.2020040705.01h,legacy,WatershedFraction,pygrib:tp
2020-04-07 06:00:00+00:00,0.0,ST4.2020040706.01h,legacy,WatershedFraction,pygrib:tp
2020-04-07 07:00:00+00:00,0.0,ST4.2020040707.01h,legacy,WatershedFraction,pygrib:tp
2020-04-07 08:00:00+00:00,0.0,ST4.2020040708.01h,legacy,WatershedFraction,pygrib:tp
2020-04-07 09:00:00+00:00,0.0,ST4.2020040709.01h,legacy,WatershedFraction,pygrib:tp
2020-04-07 10:00:00+00:00,0.0,ST4.2020040710.01h,legacy,WatershedFraction,pygrib:tp
2020-04-07 11:00:00+00:00,0.0,ST4.2020040711.01h,legacy,WatershedFraction,pygrib:tp
2020-04-07 12:00:00+00:00,0.0,ST4.2020040712.01h,legacy,WatershedFraction,pygrib:tp
2020-04-07 13:00:00+00:00,0.0,ST4.2020040713.01h,legacy,WatershedFraction,pygrib:tp
2020-04-07 14:00:00+00:00,0.0,ST4.2020040714.01h,legacy,WatershedFraction,pygrib:tp
2020-04-07 15:00:00+00:00,0.0,ST4.2020040715.01h,legacy,WatershedFraction,pygrib:tp
2020-04-07 16:00:00+00:00,0.0,ST4.2020040716.01h,legacy,WatershedFraction,pygrib:tp
2020-04-07 17:00:00+00:00,0.0,ST4.2020040717.01h,legacy,WatershedFraction,pygrib:tp
2020-04-07 18:00:00+00:00,0.0,ST4.2020040718.01h,legacy,WatershedFraction,pygrib:tp
2020-04-07 19:00:00+00:00,0.0,ST4.2020040719.01h,legacy,WatershedFraction,pygrib:tp
2020-04-07 20:00:00+00:00,0.0,ST4.2020040720.01h,legacy,WatershedFraction,pygrib:tp
2020-04-07 21:00:00+00:00,0.0,ST4.2020040721.01h,legacy,WatershedFraction,pygrib:tp
2020-04-07 22:00:00+00:00,0.0,ST4.2020040722.01h,legacy,WatershedFraction,pygrib:tp
2020-04-07 23:00:00+00:00,0.0,ST4.2020040723.01h,legacy,WatershedFraction,pygrib:tp
2020-04-08 00:00:00+00:00,0.0,ST4.2020040800.01h,legacy,WatershedFraction,pygrib:tp
2020-04-08 01:00:00+00:00,0.0,ST4.2020040801.01h,legacy,WatershedFraction,pygrib:tp
2020-04-08 02:00:00+00:00,0.0,ST4.2020040802.01h,legacy,WatershedFraction,pygrib:tp
2020-04-08 03:00:00+00:00,0.0,ST4.2020040803.01h,legacy,WatershedFraction,pygrib:tp
2020-04-08 04:00:00+00:00,0.0,ST4.2020040804.01h,legacy,WatershedFraction,pygrib:tp
2020-04-08 05:00:00+00:00,0.0,ST4.2020040805.01h,legacy,WatershedFraction,pygrib:tp
2020-04-08 06:00:00+00:00,0.0,ST4.2020040806.01h,legacy,WatershedFraction,pygrib:tp
2020-04-08 07:00:00+00:00,0.013162442014291871,ST4.2020040807.01h,legacy,WatershedFraction,pygrib:tp
2020-04-08 08:00:00+00:00,0.328973832006601,ST4.2020040808.01h,legacy,WatershedFraction,pygrib:tp
2020-04-08 09:00:00+00:00,0.20879048707240883,ST4.2020040809.01h,legacy,WatershedFraction,pygrib:tp
2020-04-08 10:00:00+00:00,0.01087344913751197,ST4.2020040810.01h,legacy,WatershedFraction,pygrib:tp
2020-04-08 11:00:00+00:00,0.0,ST4.2020040811.01h,legacy,WatershedFraction,pygrib:tp
2020-04-08 12:00:00+00:00,0.0,ST4.2020040812.01h,legacy,WatershedFraction,pygrib:tp
2020-04-08 13:00:00+00:00,0.0,ST4.2020040813.01h,legacy,WatershedFraction,pygrib:tp
2020-04-08 14:00:00+00:00,0.0,ST4.2020040814.01h,legacy,WatershedFraction,pygrib:tp
2020-04-08 15:00:00+00:00,0.0,ST4.2020040815.01h,legacy,WatershedFraction,pygrib:tp
2020-04-08 16:00:00+00:00,0.0,ST4.2020040816.01h,legacy,WatershedFraction,pygrib:tp
2020-04-08 17:00:00+00:00,0.0,ST4.2020040817.01h,legacy,WatershedFraction,pygrib:tp
2020-04-08 18:00:00+00:00,0.0,ST4.2020040818.01h,legacy,WatershedFraction,pygrib:tp
2020-04-08 19:00:00+00:00,0.0,ST4.2020040819.01h,legacy,WatershedFraction,pygrib:tp
2020-04-08 20:00:00+00:00,0.0,ST4.2020040820.01h,legacy,WatershedFraction,pygrib:tp
2020-04-08 21:00:00+00:00,0.028368581900826383,ST4.2020040821.01h,legacy,WatershedFraction,pygrib:tp
2020-04-08 22:00:00+00:00,0.021783922899835464,ST4.2020040822.01h,legacy,WatershedFraction,pygrib:tp
2020-04-08 23:00:00+00:00,0.019830764639791765,ST4.2020040823.01h,legacy,WatershedFraction,pygrib:tp
2020-04-09 00:00:00+00:00,0.019902941447533715,ST4.2020040900.01h,legacy,WatershedFraction,pygrib:tp
2020-04-09 01:00:00+00:00,0.00024386350775852555,ST4.2020040901.01h,legacy,WatershedFraction,pygrib:tp
2020-04-09 02:00:00+00:00,0.0,ST4.2020040902.01h,legacy,WatershedFraction,pygrib:tp
2020-04-09 03:00:00+00:00,0.0,ST4.2020040903.01h,legacy,WatershedFraction,pygrib:tp
2020-04-09 04:00:00+00:00,0.0,ST4.2020040904.01h,legacy,WatershedFraction,pygrib:tp
2020-04-09 05:00:00+00:00,0.0,ST4.2020040905.01h,legacy,WatershedFraction,pygrib:tp
2020-04-09 06:00:00+00:00,0.0,ST4.2020040906.01h,legacy,WatershedFraction,pygrib:tp
2020-04-09 07:00:00+00:00,0.0,ST4.2020040907.01h,legacy,WatershedFraction,pygrib:tp
2020-04-09 08:00:00+00:00,0.0,ST4.2020040908.01h,legacy,WatershedFraction,pygrib:tp
2020-04-09 09:00:00+00:00,0.0,ST4.2020040909.01h,legacy,WatershedFraction,pygrib:tp
2020-04-09 10:00:00+00:00,0.0,ST4.2020040910.01h,legacy,WatershedFraction,pygrib:tp
2020-04-09 11:00:00+00:00,0.0,ST4.2020040911.01h,legacy,WatershedFraction,pygrib:tp
2020-04-09 12:00:00+00:00,0.0,ST4.2020040912.01h,legacy,WatershedFraction,pygrib:tp
2020-04-09 13:00:00+00:00,0.005819543067251848,ST4.2020040913.01h,legacy,WatershedFraction,pygrib:tp
2020-04-09 14:00:00+00:00,0.0,ST4.2020040914.01h,legacy,WatershedFraction,pygrib:tp
2020-04-09 15:00:00+00:00,0.0,ST4.2020040915.01h,legacy,WatershedFraction,pygrib:tp
2020-04-09 16:00:00+00:00,0.0,ST4.2020040916.01h,legacy,WatershedFraction,pygrib:tp
2020-04-09 17:00:00+00:00,0.0,ST4.2020040917.01h,legacy,WatershedFraction,pygrib:tp
2020-04-09 18:00:00+00:00,0.05758604552530623,ST4.2020040918.01h,legacy,WatershedFraction,pygrib:tp
2020-04-09 19:00:00+00:00,0.0,ST4.2020040919.01h,legacy,WatershedFraction,pygrib:tp
2020-04-09 20:00:00+00:00,0.0,ST4.2020040920.01h,legacy,WatershedFraction,pygrib:tp
2020-04-09 21:00:00+00:00,0.0,ST4.2020040921.01h,legacy,WatershedFraction,pygrib:tp
2020-04-09 22:00:00+00:00,0.0,ST4.2020040922.01h,legacy,WatershedFraction,pygrib:tp
2020-04-09 23:00:00+00:00,0.0,ST4.2020040923.01h,legacy,WatershedFraction,pygrib:tp
2020-04-10 00:00:00+00:00,0.0,ST4.2020041000.01h,legacy,WatershedFraction,pygrib:tp
2020-04-10 01:00:00+00:00,0.0,ST4.2020041001.01h,legacy,WatershedFraction,pygrib:tp
2020-04-10 02:00:00+00:00,0.0,ST4.2020041002.01h,legacy,WatershedFraction,pygrib:tp
2020-04-10 03:00:00+00:00,0.0,ST4.2020041003.01h,legacy,WatershedFraction,pygrib:tp
2020-04-10 04:00:00+00:00,0.001693951831227884,ST4.2020041004.01h,legacy,WatershedFraction,pygrib:tp
2020-04-10 05:00:00+00:00,0.0,ST4.2020041005.01h,legacy,WatershedFraction,pygrib:tp
2020-04-10 06:00:00+00:00,0.0,ST4.2020041006.01h,legacy,WatershedFraction,pygrib:tp
2020-04-10 07:00:00+00:00,0.0,ST4.2020041007.01h,legacy,WatershedFraction,pygrib:tp
2020-04-10 08:00:00+00:00,0.0,ST4.2020041008.01h,legacy,WatershedFraction,pygrib:tp
2020-04-10 09:00:00+00:00,0.0,ST4.2020041009.01h,legacy,WatershedFraction,pygrib:tp
2020-04-10 10:00:00+00:00,0.0,ST4.2020041010.01h,legacy,WatershedFraction,pygrib:tp
2020-04-10 11:00:00+00:00,0.0,ST4.2020041011.01h,legacy,WatershedFraction,pygrib:tp
2020-04-10 12:00:00+00:00,0.0,ST4.2020041012.01h,legacy,WatershedFraction,pygrib:tp
2020-04-10 13:00:00+00:00,0.0,ST4.2020041013.01h,legacy,WatershedFraction,pygrib:tp
2020-04-10 14:00:00+00:00,0.0,ST4.2020041014.01h,legacy,WatershedFraction,pygrib:tp
2020-04-10 15:00:00+00:00,0.0,ST4.2020041015.01h,legacy,WatershedFraction,pygrib:tp
2020-04-10 16:00:00+00:00,0.0002985993618981062,ST4.2020041016.01h,legacy,WatershedFraction,pygrib:tp
2020-04-10 17:00:00+00:00,0.0,ST4.2020041017.01h,legacy,WatershedFraction,pygrib:tp
2020-04-10 18:00:00+00:00,0.0,ST4.2020041018.01h,legacy,WatershedFraction,pygrib:tp
2020-04-10 19:00:00+00:00,0.0,ST4.2020041019.01h,legacy,WatershedFraction,pygrib:tp
2020-04-10 20:00:00+00:00,0.0,ST4.2020041020.01h,legacy,WatershedFraction,pygrib:tp
2020-04-10 21:00:00+00:00,0.0016067350553360317,ST4.2020041021.01h,legacy,WatershedFraction,pygrib:tp
2020-04-10 22:00:00+00:00,0.0,ST4.2020041022.01h,legacy,WatershedFraction,pygrib:tp
2020-04-10 23:00:00+00:00,0.0,ST4.2020041023.01h,legacy,WatershedFraction,pygrib:tp
2020-04-11 00:00:00+00:00,0.0,ST4.2020041100.01h,legacy,WatershedFraction,pygrib:tp
2020-04-11 01:00:00+00:00,0.0,ST4.2020041101.01h,legacy,WatershedFraction,pygrib:tp
2020-04-11 02:00:00+00:00,0.0,ST4.2020041102.01h,legacy,WatershedFraction,pygrib:tp
2020-04-11 03:00:00+00:00,0.0,ST4.2020041103.01h,legacy,WatershedFraction,pygrib:tp
2020-04-11 04:00:00+00:00,0.0,ST4.2020041104.01h,legacy,WatershedFraction,pygrib:tp
2020-04-11 05:00:00+00:00,0.0,ST4.2020041105.01h,legacy,WatershedFraction,pygrib:tp
2020-04-11 06:00:00+00:00,0.0,ST4.2020041106.01h,legacy,WatershedFraction,pygrib:tp
2020-04-11 07:00:00+00:00,0.0,ST4.2020041107.01h,legacy,WatershedFraction,pygrib:tp
2020-04-11 08:00:00+00:00,0.0,ST4.2020041108.01h,legacy,WatershedFraction,pygrib:tp
2020-04-11 09:00:00+00:00,0.0,ST4.2020041109.01h,legacy,WatershedFraction,pygrib:tp
2020-04-11 10:00:00+00:00,0.0,ST4.2020041110.01h,legacy,WatershedFraction,pygrib:tp
2020-04-11 11:00:00+00:00,0.0,ST4.2020041111.01h,legacy,WatershedFraction,pygrib:tp
2020-04-11 12:00:00+00:00,0.0,ST4.2020041112.01h,legacy,WatershedFraction,pygrib:tp
2020-04-11 13:00:00+00:00,0.0,ST4.2020041113.01h,legacy,WatershedFraction,pygrib:tp
2020-04-11 14:00:00+00:00,0.0,ST4.2020041114.01h,legacy,WatershedFraction,pygrib:tp
2020-04-11 15:00:00+00:00,0.0,ST4.2020041115.01h,legacy,WatershedFraction,pygrib:tp
2020-04-11 16:00:00+00:00,0.0,ST4.2020041116.01h,legacy,WatershedFraction,pygrib:tp
2020-04-11 17:00:00+00:00,0.0,ST4.2020041117.01h,legacy,WatershedFraction,pygrib:tp
2020-04-11 18:00:00+00:00,0.0,ST4.2020041118.01h,legacy,WatershedFraction,pygrib:tp
2020-04-11 19:00:00+00:00,0.0,ST4.2020041119.01h,legacy,WatershedFraction,pygrib:tp
2020-04-11 20:00:00+00:00,0.0,ST4.2020041120.01h,legacy,WatershedFraction,pygrib:tp
2020-04-11 21:00:00+00:00,0.0,ST4.2020041121.01h,legacy,WatershedFraction,pygrib:tp
2020-04-11 22:00:00+00:00,0.0,ST4.2020041122.01h,legacy,WatershedFraction,pygrib:tp
2020-04-11 23:00:00+00:00,0.0,ST4.2020041123.01h,legacy,WatershedFraction,pygrib:tp
2020-04-12 00:00:00+00:00,0.0,ST4.2020041200.01h,legacy,WatershedFraction,pygrib:tp
2020-04-12 01:00:00+00:00,0.0,ST4.2020041201.01h,legacy,WatershedFraction,pygrib:tp
2020-04-12 02:00:00+00:00,0.0,ST4.2020041202.01h,legacy,WatershedFraction,pygrib:tp
2020-04-12 03:00:00+00:00,0.0,ST4.2020041203.01h,legacy,WatershedFraction,pygrib:tp
2020-04-12 04:00:00+00:00,0.0,ST4.2020041204.01h,legacy,WatershedFraction,pygrib:tp
2020-04-12 05:00:00+00:00,0.0,ST4.2020041205.01h,legacy,WatershedFraction,pygrib:tp
2020-04-12 06:00:00+00:00,0.0,ST4.2020041206.01h,legacy,WatershedFraction,pygrib:tp
2020-04-12 07:00:00+00:00,0.0,ST4.2020041207.01h,legacy,WatershedFraction,pygrib:tp
2020-04-12 08:00:00+00:00,0.0,ST4.2020041208.01h,legacy,WatershedFraction,pygrib:tp
2020-04-12 09:00:00+00:00,0.0,ST4.2020041209.01h,legacy,WatershedFraction,pygrib:tp
2020-04-12 10:00:00+00:00,0.0,ST4.2020041210.01h,legacy,WatershedFraction,pygrib:tp
2020-04-12 11:00:00+00:00,0.0,ST4.2020041211.01h,legacy,WatershedFraction,pygrib:tp
2020-04-12 12:00:00+00:00,0.0,ST4.2020041212.01h,legacy,WatershedFraction,pygrib:tp
2020-04-12 13:00:00+00:00,0.0,ST4.2020041213.01h,legacy,WatershedFraction,pygrib:tp
2020-04-12 14:00:00+00:00,0.0,ST4.2020041214.01h,legacy,WatershedFraction,pygrib:tp
2020-04-12 15:00:00+00:00,0.0,ST4.2020041215.01h,legacy,WatershedFraction,pygrib:tp
2020-04-12 16:00:00+00:00,0.0,ST4.2020041216.01h,legacy,WatershedFraction,pygrib:tp
2020-04-12 17:00:00+00:00,0.0,ST4.2020041217.01h,legacy,WatershedFraction,pygrib:tp
2020-04-12 18:00:00+00:00,0.0,ST4.2020041218.01h,legacy,WatershedFraction,pygrib:tp
2020-04-12 19:00:00+00:00,0.0,ST4.2020041219.01h,legacy,WatershedFraction,pygrib:tp
2020-04-12 20:00:00+00:00,0.0,ST4.2020041220.01h,legacy,WatershedFraction,pygrib:tp
2020-04-12 21:00:00+00:00,0.0,ST4.2020041221.01h,legacy,WatershedFraction,pygrib:tp
2020-04-12 22:00:00+00:00,0.0,ST4.2020041222.01h,legacy,WatershedFraction,pygrib:tp
2020-04-12 23:00:00+00:00,0.0,ST4.2020041223.01h,legacy,WatershedFraction,pygrib:tp
2020-04-13 00:00:00+00:00,0.0,ST4.2020041300.01h,legacy,WatershedFraction,pygrib:tp
2020-04-13 01:00:00+00:00,0.0,ST4.2020041301.01h,legacy,WatershedFraction,pygrib:tp
2020-04-13 02:00:00+00:00,0.001079847587167888,ST4.2020041302.01h,legacy,WatershedFraction,pygrib:tp
2020-04-13 03:00:00+00:00,0.00020313002282485392,ST4.2020041303.01h,legacy,WatershedFraction,pygrib:tp
2020-04-13 04:00:00+00:00,0.03743839588455227,ST4.2020041304.01h,legacy,WatershedFraction,pygrib:tp
2020-04-13 05:00:00+00:00,0.08247424123712062,ST4.2020041305.01h,legacy,WatershedFraction,pygrib:tp
2020-04-13 06:00:00+00:00,0.05954542524515357,ST4.2020041306.01h,legacy,WatershedFraction,pygrib:tp
2020-04-13 07:00:00+00:00,0.05509116022274546,ST4.2020041307.01h,legacy,WatershedFraction,pygrib:tp
2020-04-13 08:00:00+00:00,0.08435573076054254,ST4.2020041308.01h,legacy,WatershedFraction,pygrib:tp
2020-04-13 09:00:00+00:00,0.0650157766023765,ST4.2020041309.01h,legacy,WatershedFraction,pygrib:tp
2020-04-13 10:00:00+00:00,0.0741615703485017,ST4.2020041310.01h,legacy,WatershedFraction,pygrib:tp
2020-04-13 11:00:00+00:00,0.3127200010450399,ST4.2020041311.01h,legacy,WatershedFraction,pygrib:tp
2020-04-13 12:00:00+00:00,0.24317656095835918,ST4.2020041312.01h,legacy,WatershedFraction,pygrib:tp
2020-04-13 13:00:00+00:00,0.17861417592126116,ST4.2020041313.01h,legacy,WatershedFraction,pygrib:tp
2020-04-13 14:00:00+00:00,0.13701919213164332,ST4.2020041314.01h,legacy,WatershedFraction,pygrib:tp
2020-04-13 15:00:00+00:00,0.03046099397065446,ST4.2020041315.01h,legacy,WatershedFraction,pygrib:tp
2020-04-13 16:00:00+00:00,0.0,ST4.2020041316.01h,legacy,WatershedFraction,pygrib:tp
2020-04-13 17:00:00+00:00,0.05373386033149708,ST4.2020041317.01h,legacy,WatershedFraction,pygrib:tp
2020-04-13 18:00:00+00:00,0.0016509132270314168,ST4.2020041318.01h,legacy,WatershedFraction,pygrib:tp
2020-04-13 19:00:00+00:00,0.08885891391764594,ST4.2020041319.01h,legacy,WatershedFraction,pygrib:tp
2020-04-13 20:00:00+00:00,0.06230785221691822,ST4.2020041320.01h,legacy,WatershedFraction,pygrib:tp
2020-04-13 21:00:00+00:00,0.008624260808193396,ST4.2020041321.01h,legacy,WatershedFraction,pygrib:tp
2020-04-13 22:00:00+00:00,0.0,ST4.2020041322.01h,legacy,WatershedFraction,pygrib:tp
2020-04-13 23:00:00+00:00,0.0,ST4.2020041323.01h,legacy,WatershedFraction,pygrib:tp
2020-04-14 00:00:00+00:00,0.0,ST4.2020041400.01h,legacy,WatershedFraction,pygrib:tp
2020-04-14 01:00:00+00:00,0.0,ST4.2020041401.01h,legacy,WatershedFraction,pygrib:tp
2020-04-14 02:00:00+00:00,0.0,ST4.2020041402.01h,legacy,WatershedFraction,pygrib:tp
2020-04-14 03:00:00+00:00,0.0,ST4.2020041403.01h,legacy,WatershedFraction,pygrib:tp
2020-04-14 04:00:00+00:00,0.0,ST4.2020041404.01h,legacy,WatershedFraction,pygrib:tp
2020-04-14 05:00:00+00:00,0.0,ST4.2020041405.01h,legacy,WatershedFraction,pygrib:tp
2020-04-14 06:00:00+00:00,0.0,ST4.2020041406.01h,legacy,WatershedFraction,pygrib:tp
2020-04-14 07:00:00+00:00,0.0,ST4.2020041407.01h,legacy,WatershedFraction,pygrib:tp
2020-04-14 08:00:00+00:00,0.0,ST4.2020041408.01h,legacy,WatershedFraction,pygrib:tp
2020-04-14 09:00:00+00:00,0.0,ST4.2020041409.01h,legacy,WatershedFraction,pygrib:tp
2020-04-14 10:00:00+00:00,0.0,ST4.2020041410.01h,legacy,WatershedFraction,pygrib:tp
2020-04-14 11:00:00+00:00,0.0,ST4.2020041411.01h,legacy,WatershedFraction,pygrib:tp
2020-04-14 12:00:00+00:00,0.0,ST4.2020041412.01h,legacy,WatershedFraction,pygrib:tp
2020-04-14 13:00:00+00:00,0.0,ST4.2020041413.01h,legacy,WatershedFraction,pygrib:tp
2020-04-14 14:00:00+00:00,0.0,ST4.2020041414.01h,legacy,WatershedFraction,pygrib:tp
2020-04-14 15:00:00+00:00,0.0,ST4.2020041415.01h,legacy,WatershedFraction,pygrib:tp
2020-04-14 16:00:00+00:00,0.0,ST4.2020041416.01h,legacy,WatershedFraction,pygrib:tp
2020-04-14 17:00:00+00:00,0.0,ST4.2020041417.01h,legacy,WatershedFraction,pygrib:tp
2020-04-14 18:00:00+00:00,0.0,ST4.2020041418.01h,legacy,WatershedFraction,pygrib:tp
2020-04-14 19:00:00+00:00,0.0,ST4.2020041419.01h,legacy,WatershedFraction,pygrib:tp
2020-04-14 20:00:00+00:00,0.0,ST4.2020041420.01h,legacy,WatershedFraction,pygrib:tp
2020-04-14 21:00:00+00:00,0.0,ST4.2020041421.01h,legacy,WatershedFraction,pygrib:tp
2020-04-14 22:00:00+00:00,0.0,ST4.2020041422.01h,legacy,WatershedFraction,pygrib:tp
2020-04-14 23:00:00+00:00,0.0,ST4.2020041423.01h,legacy,WatershedFraction,pygrib:tp
2020-04-15 00:00:00+00:00,0.0,ST4.2020041500.01h,legacy,WatershedFraction,pygrib:tp
2020-04-15 01:00:00+00:00,0.0,ST4.2020041501.01h,legacy,WatershedFraction,pygrib:tp
2020-04-15 02:00:00+00:00,0.0,ST4.2020041502.01h,legacy,WatershedFraction,pygrib:tp
2020-04-15 03:00:00+00:00,0.0009873636826582192,ST4.2020041503.01h,legacy,WatershedFraction,pygrib:tp
2020-04-15 04:00:00+00:00,0.01058507340277292,ST4.2020041504.01h,legacy,WatershedFraction,pygrib:tp
2020-04-15 05:00:00+00:00,0.022306355050815317,ST4.2020041505.01h,legacy,WatershedFraction,pygrib:tp
2020-04-15 06:00:00+00:00,0.0009064167917910731,ST4.2020041506.01h,legacy,WatershedFraction,pygrib:tp
2020-04-15 07:00:00+00:00,0.00018368650916608924,ST4.2020041507.01h,legacy,WatershedFraction,pygrib:tp
2020-04-15 08:00:00+00:00,0.020584260882681615,ST4.2020041508.01h,legacy,WatershedFraction,pygrib:tp
2020-04-15 09:00:00+00:00,0.012453210951014926,ST4.2020041509.01h,legacy,WatershedFraction,pygrib:tp
2020-04-15 10:00:00+00:00,0.0009121014403026886,ST4.2020041510.01h,legacy,WatershedFraction,pygrib:tp
2020-04-15 11:00:00+00:00,0.0,ST4.2020041511.01h,legacy,WatershedFraction,pygrib:tp
2020-04-15 12:00:00+00:00,0.0,ST4.2020041512.01h,legacy,WatershedFraction,pygrib:tp
2020-04-15 13:00:00+00:00,0.0,ST4.2020041513.01h,legacy,WatershedFraction,pygrib:tp
2020-04-15 14:00:00+00:00,0.0,ST4.2020041514.01h,legacy,WatershedFraction,pygrib:tp
2020-04-15 15:00:00+00:00,0.0,ST4.2020041515.01h,legacy,WatershedFraction,pygrib:tp
2020-04-15 16:00:00+00:00,0.0,ST4.2020041516.01h,legacy,WatershedFraction,pygrib:tp
2020-04-15 17:00:00+00:00,0.0,ST4.2020041517.01h,legacy,WatershedFraction,pygrib:tp
2020-04-15 18:00:00+00:00,0.0,ST4.2020041518.01h,legacy,WatershedFraction,pygrib:tp
2020-04-15 19:00:00+00:00,0.0,ST4.2020041519.01h,legacy,WatershedFraction,pygrib:tp
2020-04-15 20:00:00+00:00,0.0,ST4.2020041520.01h,legacy,WatershedFraction,pygrib:tp
2020-04-15 21:00:00+00:00,0.0,ST4.2020041521.01h,legacy,WatershedFraction,pygrib:tp
2020-04-15 22:00:00+00:00,0.0,ST4.2020041522.01h,legacy,WatershedFraction,pygrib:tp
2020-04-15 23:00:00+00:00,0.0,ST4.2020041523.01h,legacy,WatershedFraction,pygrib:tp
2020-04-16 00:00:00+00:00,0.0,ST4.2020041600.01h,legacy,WatershedFraction,pygrib:tp
2020-04-16 01:00:00+00:00,0.0,ST4.2020041601.01h,legacy,WatershedFraction,pygrib:tp
2020-04-16 02:00:00+00:00,0.0,ST4.2020041602.01h,legacy,WatershedFraction,pygrib:tp
2020-04-16 03:00:00+00:00,0.0,ST4.2020041603.01h,legacy,WatershedFraction,pygrib:tp
2020-04-16 04:00:00+00:00,0.0,ST4.2020041604.01h,legacy,WatershedFraction,pygrib:tp
2020-04-16 05:00:00+00:00,0.0,ST4.2020041605.01h,legacy,WatershedFraction,pygrib:tp
2020-04-16 06:00:00+00:00,0.0,ST4.2020041606.01h,legacy,WatershedFraction,pygrib:tp
2020-04-16 07:00:00+00:00,0.0,ST4.2020041607.01h,legacy,WatershedFraction,pygrib:tp
2020-04-16 08:00:00+00:00,0.0,ST4.2020041608.01h,legacy,WatershedFraction,pygrib:tp
2020-04-16 09:00:00+00:00,0.0,ST4.2020041609.01h,legacy,WatershedFraction,pygrib:tp
2020-04-16 10:00:00+00:00,0.0,ST4.2020041610.01h,legacy,WatershedFraction,pygrib:tp
2020-04-16 11:00:00+00:00,0.0,ST4.2020041611.01h,legacy,WatershedFraction,pygrib:tp
2020-04-16 12:00:00+00:00,0.0,ST4.2020041612.01h,legacy,WatershedFraction,pygrib:tp
2020-04-16 13:00:00+00:00,0.0,ST4.2020041613.01h,legacy,WatershedFraction,pygrib:tp
2020-04-16 14:00:00+00:00,0.0,ST4.2020041614.01h,legacy,WatershedFraction,pygrib:tp
2020-04-16 15:00:00+00:00,0.0,ST4.2020041615.01h,legacy,WatershedFraction,pygrib:tp
2020-04-16 16:00:00+00:00,0.0,ST4.2020041616.01h,legacy,WatershedFraction,pygrib:tp
2020-04-16 17:00:00+00:00,0.0,ST4.2020041617.01h,legacy,WatershedFraction,pygrib:tp
2020-04-16 18:00:00+00:00,0.0,ST4.2020041618.01h,legacy,WatershedFraction,pygrib:tp
2020-04-16 19:00:00+00:00,0.0,ST4.2020041619.01h,legacy,WatershedFraction,pygrib:tp
2020-04-16 20:00:00+00:00,0.0,ST4.2020041620.01h,legacy,WatershedFraction,pygrib:tp
2020-04-16 21:00:00+00:00,0.0,ST4.2020041621.01h,legacy,WatershedFraction,pygrib:tp
2020-04-16 22:00:00+00:00,0.0,ST4.2020041622.01h,legacy,WatershedFraction,pygrib:tp
2020-04-16 23:00:00+00:00,0.0,ST4.2020041623.01h,legacy,WatershedFraction,pygrib:tp
2020-04-17 00:00:00+00:00,0.0,ST4.2020041700.01h,legacy,WatershedFraction,pygrib:tp
2020-04-17 01:00:00+00:00,0.0,ST4.2020041701.01h,legacy,WatershedFraction,pygrib:tp
2020-04-17 02:00:00+00:00,0.0,ST4.2020041702.01h,legacy,WatershedFraction,pygrib:tp
2020-04-17 03:00:00+00:00,0.0,ST4.2020041703.01h,legacy,WatershedFraction,pygrib:tp
2020-04-17 04:00:00+00:00,0.0,ST4.2020041704.01h,legacy,WatershedFraction,pygrib:tp
2020-04-17 05:00:00+00:00,0.0,ST4.2020041705.01h,legacy,WatershedFraction,pygrib:tp
2020-04-17 06:00:00+00:00,0.0,ST4.2020041706.01h,legacy,WatershedFraction,pygrib:tp
2020-04-17 07:00:00+00:00,0.0,ST4.2020041707.01h,legacy,WatershedFraction,pygrib:tp
2020-04-17 08:00:00+00:00,0.0,ST4.2020041708.01h,legacy,WatershedFraction,pygrib:tp
2020-04-17 09:00:00+00:00,0.0,ST4.2020041709.01h,legacy,WatershedFraction,pygrib:tp
2020-04-17 10:00:00+00:00,0.0,ST4.2020041710.01h,legacy,WatershedFraction,pygrib:tp
2020-04-17 11:00:00+00:00,0.0,ST4.2020041711.01h,legacy,WatershedFraction,pygrib:tp
2020-04-17 12:00:00+00:00,0.0,ST4.2020041712.01h,legacy,WatershedFraction,pygrib:tp
2020-04-17 13:00:00+00:00,0.0,ST4.2020041713.01h,legacy,WatershedFraction,pygrib:tp
2020-04-17 14:00:00+00:00,0.0,ST4.2020041714.01h,legacy,WatershedFraction,pygrib:tp
2020-04-17 15:00:00+00:00,0.0,ST4.2020041715.01h,legacy,WatershedFraction,pygrib:tp
2020-04-17 16:00:00+00:00,0.0,ST4.2020041716.01h,legacy,WatershedFraction,pygrib:tp
2020-04-17 17:00:00+00:00,0.0,ST4.2020041717.01h,legacy,WatershedFraction,pygrib:tp
2020-04-17 18:00:00+00:00,0.0,ST4.2020041718.01h,legacy,WatershedFraction,pygrib:tp
2020-04-17 19:00:00+00:00,0.0,ST4.2020041719.01h,legacy,WatershedFraction,pygrib:tp
2020-04-17 20:00:00+00:00,0.0,ST4.2020041720.01h,legacy,WatershedFraction,pygrib:tp
2020-04-17 21:00:00+00:00,0.0010720527013806814,ST4.2020041721.01h,legacy,WatershedFraction,pygrib:tp
2020-04-17 22:00:00+00:00,0.014929862386191034,ST4.2020041722.01h,legacy,WatershedFraction,pygrib:tp
2020-04-17 23:00:00+00:00,0.016432832822715623,ST4.2020041723.01h,legacy,WatershedFraction,pygrib:tp
2020-04-18 00:00:00+00:00,0.013200347151354678,ST4.2020041800.01h,legacy,WatershedFraction,pygrib:tp
2020-04-18 01:00:00+00:00,0.0012751827242055355,ST4.2020041801.01h,legacy,WatershedFraction,pygrib:tp
2020-04-18 02:00:00+00:00,0.0,ST4.2020041802.01h,legacy,WatershedFraction,pygrib:tp
2020-04-18 03:00:00+00:00,0.0,ST4.2020041803.01h,legacy,WatershedFraction,pygrib:tp
2020-04-18 04:00:00+00:00,0.0,ST4.2020041804.01h,legacy,WatershedFraction,pygrib:tp
2020-04-18 05:00:00+00:00,0.0,ST4.2020041805.01h,legacy,WatershedFraction,pygrib:tp
2020-04-18 06:00:00+00:00,0.0,ST4.2020041806.01h,legacy,WatershedFraction,pygrib:tp
2020-04-18 07:00:00+00:00,0.0,ST4.2020041807.01h,legacy,WatershedFraction,pygrib:tp
2020-04-18 08:00:00+00:00,0.0,ST4.2020041808.01h,legacy,WatershedFraction,pygrib:tp
2020-04-18 09:00:00+00:00,0.00663130351250215,ST4.2020041809.01h,legacy,WatershedFraction,pygrib:tp
2020-04-18 10:00:00+00:00,0.013993464870748182,ST4.2020041810.01h,legacy,WatershedFraction,pygrib:tp
2020-04-18 11:00:00+00:00,0.015807826014149227,ST4.2020041811.01h,legacy,WatershedFraction,pygrib:tp
2020-04-18 12:00:00+00:00,0.010026206194205457,ST4.2020041812.01h,legacy,WatershedFraction,pygrib:tp
2020-04-18 13:00:00+00:00,2.2972649281600232e-05,ST4.2020041813.01h,legacy,WatershedFraction,pygrib:tp
2020-04-18 14:00:00+00:00,0.005588661258897559,ST4.2020041814.01h,legacy,WatershedFraction,pygrib:tp
2020-04-18 15:00:00+00:00,0.00010215241328093106,ST4.2020041815.01h,legacy,WatershedFraction,pygrib:tp
2020-04-18 16:00:00+00:00,0.0,ST4.2020041816.01h,legacy,WatershedFraction,pygrib:tp
2020-04-18 17:00:00+00:00,0.0,ST4.2020041817.01h,legacy,WatershedFraction,pygrib:tp
2020-04-18 18:00:00+00:00,0.0,ST4.2020041818.01h,legacy,WatershedFraction,pygrib:tp
2020-04-18 19:00:00+00:00,0.0,ST4.2020041819.01h,legacy,WatershedFraction,pygrib:tp
2020-04-18 20:00:00+00:00,0.0,ST4.2020041820.01h,legacy,WatershedFraction,pygrib:tp
2020-04-18 21:00:00+00:00,0.0,ST4.2020041821.01h,legacy,WatershedFraction,pygrib:tp
2020-04-18 22:00:00+00:00,0.0,ST4.2020041822.01h,legacy,WatershedFraction,pygrib:tp
2020-04-18 23:00:00+00:00,0.0,ST4.2020041823.01h,legacy,WatershedFraction,pygrib:tp
2020-04-19 00:00:00+00:00,0.0,ST4.2020041900.01h,legacy,WatershedFraction,pygrib:tp
2020-04-19 01:00:00+00:00,0.0,ST4.2020041901.01h,legacy,WatershedFraction,pygrib:tp
2020-04-19 02:00:00+00:00,0.0,ST4.2020041902.01h,legacy,WatershedFraction,pygrib:tp
2020-04-19 03:00:00+00:00,0.0,ST4.2020041903.01h,legacy,WatershedFraction,pygrib:tp
2020-04-19 04:00:00+00:00,0.0,ST4.2020041904.01h,legacy,WatershedFraction,pygrib:tp
2020-04-19 05:00:00+00:00,0.0,ST4.2020041905.01h,legacy,WatershedFraction,pygrib:tp
2020-04-19 06:00:00+00:00,0.0,ST4.2020041906.01h,legacy,WatershedFraction,pygrib:tp
2020-04-19 07:00:00+00:00,0.0,ST4.2020041907.01h,legacy,WatershedFraction,pygrib:tp
2020-04-19 08:00:00+00:00,0.0,ST4.2020041908.01h,legacy,WatershedFraction,pygrib:tp
2020-04-19 09:00:00+00:00,0.0,ST4.2020041909.01h,legacy,WatershedFraction,pygrib:tp
2020-04-19 10:00:00+00:00,0.0,ST4.2020041910.01h,legacy,WatershedFraction,pygrib:tp
2020-04-19 11:00:00+00:00,0.0,ST4.2020041911.01h,legacy,WatershedFraction,pygrib:tp
2020-04-19 12:00:00+00:00,0.0,ST4.2020041912.01h,legacy,WatershedFraction,pygrib:tp
2020-04-19 13:00:00+00:00,0.0,ST4.2020041913.01h,legacy,WatershedFraction,pygrib:tp
2020-04-19 14:00:00+00:00,0.0,ST4.2020041914.01h,legacy,WatershedFraction,pygrib:tp
2020-04-19 15:00:00+00:00,0.0,ST4.2020041915.01h,legacy,WatershedFraction,pygrib:tp
2020-04-19 16:00:00+00:00,0.0,ST4.2020041916.01h,legacy,WatershedFraction,pygrib:tp
2020-04-19 17:00:00+00:00,0.0,ST4.2020041917.01h,legacy,WatershedFraction,pygrib:tp
2020-04-19 18:00:00+00:00,0.0,ST4.2020041918.01h,legacy,WatershedFraction,pygrib:tp
2020-04-19 19:00:00+00:00,0.0,ST4.2020041919.01h,legacy,WatershedFraction,pygrib:tp
2020-04-19 20:00:00+00:00,0.0,ST4.2020041920.01h,legacy,WatershedFraction,pygrib:tp
2020-04-19 21:00:00+00:00,0.0,ST4.2020041921.01h,legacy,WatershedFraction,pygrib:tp
2020-04-19 22:00:00+00:00,0.0,ST4.2020041922.01h,legacy,WatershedFraction,pygrib:tp
2020-04-19 23:00:00+00:00,0.0,ST4.2020041923.01h,legacy,WatershedFraction,pygrib:tp
2020-04-20 00:00:00+00:00,0.0,ST4.2020042000.01h,legacy,WatershedFraction,pygrib:tp
2020-04-20 01:00:00+00:00,0.0,ST4.2020042001.01h,legacy,WatershedFraction,pygrib:tp
2020-04-20 02:00:00+00:00,0.0,ST4.2020042002.01h,legacy,WatershedFraction,pygrib:tp
2020-04-20 03:00:00+00:00,0.0,ST4.2020042003.01h,legacy,WatershedFraction,pygrib:tp
2020-04-20 04:00:00+00:00,0.0,ST4.2020042004.01h,legacy,WatershedFraction,pygrib:tp
2020-04-20 05:00:00+00:00,0.0,ST4.2020042005.01h,legacy,WatershedFraction,pygrib:tp
2020-04-20 06:00:00+00:00,0.0,ST4.2020042006.01h,legacy,WatershedFraction,pygrib:tp
2020-04-20 07:00:00+00:00,0.0,ST4.2020042007.01h,legacy,WatershedFraction,pygrib:tp
2020-04-20 08:00:00+00:00,0.0,ST4.2020042008.01h,legacy,WatershedFraction,pygrib:tp
2020-04-20 09:00:00+00:00,0.0,ST4.2020042009.01h,legacy,WatershedFraction,pygrib:tp
2020-04-20 10:00:00+00:00,0.0,ST4.2020042010.01h,legacy,WatershedFraction,pygrib:tp
2020-04-20 11:00:00+00:00,0.0,ST4.2020042011.01h,legacy,WatershedFraction,pygrib:tp
2020-04-20 12:00:00+00:00,0.0,ST4.2020042012.01h,legacy,WatershedFraction,pygrib:tp
2020-04-20 13:00:00+00:00,0.0,ST4.2020042013.01h,legacy,WatershedFraction,pygrib:tp
2020-04-20 14:00:00+00:00,0.0,ST4.2020042014.01h,legacy,WatershedFraction,pygrib:tp
2020-04-20 15:00:00+00:00,0.0,ST4.2020042015.01h,legacy,WatershedFraction,pygrib:tp
2020-04-20 16:00:00+00:00,0.0,ST4.2020042016.01h,legacy,WatershedFraction,pygrib:tp
2020-04-20 17:00:00+00:00,0.0,ST4.2020042017.01h,legacy,WatershedFraction,pygrib:tp
2020-04-20 18:00:00+00:00,0.0,ST4.2020042018.01h,legacy,WatershedFraction,pygrib:tp
2020-04-20 19:00:00+00:00,0.0,ST4.2020042019.01h,legacy,WatershedFraction,pygrib:tp
2020-04-20 20:00:00+00:00,0.0,ST4.2020042020.01h,legacy,WatershedFraction,pygrib:tp
2020-04-20 21:00:00+00:00,0.0,ST4.2020042021.01h,legacy,WatershedFraction,pygrib:tp
2020-04-20 22:00:00+00:00,0.0,ST4.2020042022.01h,legacy,WatershedFraction,pygrib:tp
2020-04-20 23:00:00+00:00,0.0,ST4.2020042023.01h,legacy,WatershedFraction,pygrib:tp
2020-04-21 00:00:00+00:00,0.0,ST4.2020042100.01h,legacy,WatershedFraction,pygrib:tp
2020-04-21 01:00:00+00:00,0.0,ST4.2020042101.01h,legacy,WatershedFraction,pygrib:tp
2020-04-21 02:00:00+00:00,0.0,ST4.2020042102.01h,legacy,WatershedFraction,pygrib:tp
2020-04-21 03:00:00+00:00,0.0,ST4.2020042103.01h,legacy,WatershedFraction,pygrib:tp
2020-04-21 04:00:00+00:00,0.0,ST4.2020042104.01h,legacy,WatershedFraction,pygrib:tp
2020-04-21 05:00:00+00:00,0.0,ST4.2020042105.01h,legacy,WatershedFraction,pygrib:tp
2020-04-21 06:00:00+00:00,0.0,ST4.2020042106.01h,legacy,WatershedFraction,pygrib:tp
2020-04-21 07:00:00+00:00,0.0,ST4.2020042107.01h,legacy,WatershedFraction,pygrib:tp
2020-04-21 08:00:00+00:00,0.0,ST4.2020042108.01h,legacy,WatershedFraction,pygrib:tp
2020-04-21 09:00:00+00:00,0.0,ST4.2020042109.01h,legacy,WatershedFraction,pygrib:tp
2020-04-21 10:00:00+00:00,0.0,ST4.2020042110.01h,legacy,WatershedFraction,pygrib:tp
2020-04-21 11:00:00+00:00,0.0,ST4.2020042111.01h,legacy,WatershedFraction,pygrib:tp
2020-04-21 12:00:00+00:00,0.0,ST4.2020042112.01h,legacy,WatershedFraction,pygrib:tp
2020-04-21 13:00:00+00:00,0.0,ST4.2020042113.01h,legacy,WatershedFraction,pygrib:tp
2020-04-21 14:00:00+00:00,0.0,ST4.2020042114.01h,legacy,WatershedFraction,pygrib:tp
2020-04-21 15:00:00+00:00,0.001938277740792414,ST4.2020042115.01h,legacy,WatershedFraction,pygrib:tp
2020-04-21 16:00:00+00:00,0.031213298283814493,ST4.2020042116.01h,legacy,WatershedFraction,pygrib:tp
2020-04-21 17:00:00+00:00,0.030738950802546263,ST4.2020042117.01h,legacy,WatershedFraction,pygrib:tp
2020-04-21 18:00:00+00:00,0.01610053639672489,ST4.2020042118.01h,legacy,WatershedFraction,pygrib:tp
2020-04-21 19:00:00+00:00,0.10079583858689567,ST4.2020042119.01h,legacy,WatershedFraction,pygrib:tp
2020-04-21 20:00:00+00:00,0.0,ST4.2020042120.01h,legacy,WatershedFraction,pygrib:tp
2020-04-21 21:00:00+00:00,0.0,ST4.2020042121.01h,legacy,WatershedFraction,pygrib:tp
2020-04-21 22:00:00+00:00,0.0,ST4.2020042122.01h,legacy,WatershedFraction,pygrib:tp
2020-04-21 23:00:00+00:00,0.0,ST4.2020042123.01h,legacy,WatershedFraction,pygrib:tp
2020-04-22 00:00:00+00:00,0.0,ST4.2020042200.01h,legacy,WatershedFraction,pygrib:tp
2020-04-22 01:00:00+00:00,0.0,ST4.2020042201.01h,legacy,WatershedFraction,pygrib:tp
2020-04-22 02:00:00+00:00,0.0,ST4.2020042202.01h,legacy,WatershedFraction,pygrib:tp
2020-04-22 03:00:00+00:00,0.0,ST4.2020042203.01h,legacy,WatershedFraction,pygrib:tp
2020-04-22 04:00:00+00:00,0.0,ST4.2020042204.01h,legacy,WatershedFraction,pygrib:tp
2020-04-22 05:00:00+00:00,0.0,ST4.2020042205.01h,legacy,WatershedFraction,pygrib:tp
2020-04-22 06:00:00+00:00,0.0,ST4.2020042206.01h,legacy,WatershedFraction,pygrib:tp
2020-04-22 07:00:00+00:00,0.0,ST4.2020042207.01h,legacy,WatershedFraction,pygrib:tp
2020-04-22 08:00:00+00:00,0.0,ST4.2020042208.01h,legacy,WatershedFraction,pygrib:tp
2020-04-22 09:00:00+00:00,0.0,ST4.2020042209.01h,legacy,WatershedFraction,pygrib:tp
2020-04-22 10:00:00+00:00,0.0,ST4.2020042210.01h,legacy,WatershedFraction,pygrib:tp
2020-04-22 11:00:00+00:00,0.0,ST4.2020042211.01h,legacy,WatershedFraction,pygrib:tp
2020-04-22 12:00:00+00:00,0.0,ST4.2020042212.01h,legacy,WatershedFraction,pygrib:tp
2020-04-22 13:00:00+00:00,0.0,ST4.2020042213.01h,legacy,WatershedFraction,pygrib:tp
2020-04-22 14:00:00+00:00,0.0,ST4.2020042214.01h,legacy,WatershedFraction,pygrib:tp
2020-04-22 15:00:00+00:00,0.0,ST4.2020042215.01h,legacy,WatershedFraction,pygrib:tp
2020-04-22 16:00:00+00:00,0.0,ST4.2020042216.01h,legacy,WatershedFraction,pygrib:tp
2020-04-22 17:00:00+00:00,0.0,ST4.2020042217.01h,legacy,WatershedFraction,pygrib:tp
2020-04-22 18:00:00+00:00,0.0,ST4.2020042218.01h,legacy,WatershedFraction,pygrib:tp
2020-04-22 19:00:00+00:00,0.0,ST4.2020042219.01h,legacy,WatershedFraction,pygrib:tp
2020-04-22 20:00:00+00:00,0.0,ST4.2020042220.01h,legacy,WatershedFraction,pygrib:tp
2020-04-22 21:00:00+00:00,0.0,ST4.2020042221.01h,legacy,WatershedFraction,pygrib:tp
2020-04-22 22:00:00+00:00,0.0,ST4.2020042222.01h,legacy,WatershedFraction,pygrib:tp
2020-04-22 23:00:00+00:00,0.0,ST4.2020042223.01h,legacy,WatershedFraction,pygrib:tp
2020-04-23 00:00:00+00:00,0.0,ST4.2020042300.01h,legacy,WatershedFraction,pygrib:tp
2020-04-23 01:00:00+00:00,0.0,ST4.2020042301.01h,legacy,WatershedFraction,pygrib:tp
2020-04-23 02:00:00+00:00,0.0,ST4.2020042302.01h,legacy,WatershedFraction,pygrib:tp
2020-04-23 03:00:00+00:00,0.0,ST4.2020042303.01h,legacy,WatershedFraction,pygrib:tp
2020-04-23 04:00:00+00:00,0.0,ST4.2020042304.01h,legacy,WatershedFraction,pygrib:tp
2020-04-23 05:00:00+00:00,0.0,ST4.2020042305.01h,legacy,WatershedFraction,pygrib:tp
2020-04-23 06:00:00+00:00,0.0,ST4.2020042306.01h,legacy,WatershedFraction,pygrib:tp
2020-04-23 07:00:00+00:00,0.0,ST4.2020042307.01h,legacy,WatershedFraction,pygrib:tp
2020-04-23 08:00:00+00:00,0.0,ST4.2020042308.01h,legacy,WatershedFraction,pygrib:tp
2020-04-23 09:00:00+00:00,0.0,ST4.2020042309.01h,legacy,WatershedFraction,pygrib:tp
2020-04-23 10:00:00+00:00,0.0,ST4.2020042310.01h,legacy,WatershedFraction,pygrib:tp
2020-04-23 11:00:00+00:00,0.0,ST4.2020042311.01h,legacy,WatershedFraction,pygrib:tp
2020-04-23 12:00:00+00:00,0.0,ST4.2020042312.01h,legacy,WatershedFraction,pygrib:tp
2020-04-23 13:00:00+00:00,0.00015679633824068877,ST4.2020042313.01h,legacy,WatershedFraction,pygrib:tp
2020-04-23 14:00:00+00:00,0.0,ST4.2020042314.01h,legacy,WatershedFraction,pygrib:tp
2020-04-23 15:00:00+00:00,0.0,ST4.2020042315.01h,legacy,WatershedFraction,pygrib:tp
2020-04-23 16:00:00+00:00,0.0,ST4.2020042316.01h,legacy,WatershedFraction,pygrib:tp
2020-04-23 17:00:00+00:00,0.0,ST4.2020042317.01h,legacy,WatershedFraction,pygrib:tp
2020-04-23 18:00:00+00:00,0.0,ST4.2020042318.01h,legacy,WatershedFraction,pygrib:tp
2020-04-23 19:00:00+00:00,0.0,ST4.2020042319.01h,legacy,WatershedFraction,pygrib:tp
2020-04-23 20:00:00+00:00,0.0,ST4.2020042320.01h,legacy,WatershedFraction,pygrib:tp
2020-04-23 21:00:00+00:00,0.0017812312055762326,ST4.2020042321.01h,legacy,WatershedFraction,pygrib:tp
2020-04-23 22:00:00+00:00,0.0051181102362204715,ST4.2020042322.01h,legacy,WatershedFraction,pygrib:tp
2020-04-23 23:00:00+00:00,0.0085309875332103,ST4.2020042323.01h,legacy,WatershedFraction,pygrib:tp
2020-04-24 00:00:00+00:00,0.01847614545854517,ST4.2020042400.01h,legacy,WatershedFraction,pygrib:tp
2020-04-24 01:00:00+00:00,0.03926461825435637,ST4.2020042401.01h,legacy,WatershedFraction,pygrib:tp
2020-04-24 02:00:00+00:00,0.02360685727586958,ST4.2020042402.01h,legacy,WatershedFraction,pygrib:tp
2020-04-24 03:00:00+00:00,0.06453443876328238,ST4.2020042403.01h,legacy,WatershedFraction,pygrib:tp
2020-04-24 04:00:00+00:00,0.20963245481622736,ST4.2020042404.01h,legacy,WatershedFraction,pygrib:tp
2020-04-24 05:00:00+00:00,0.20723388964056683,ST4.2020042405.01h,legacy,WatershedFraction,pygrib:tp
2020-04-24 06:00:00+00:00,0.2046744046994071,ST4.2020042406.01h,legacy,WatershedFraction,pygrib:tp
2020-04-24 07:00:00+00:00,0.057883098036037216,ST4.2020042407.01h,legacy,WatershedFraction,pygrib:tp
2020-04-24 08:00:00+00:00,0.10097855481998606,ST4.2020042408.01h,legacy,WatershedFraction,pygrib:tp
2020-04-24 09:00:00+00:00,0.0,ST4.2020042409.01h,legacy,WatershedFraction,pygrib:tp
2020-04-24 10:00:00+00:00,0.0,ST4.2020042410.01h,legacy,WatershedFraction,pygrib:tp
2020-04-24 11:00:00+00:00,0.027624574639058975,ST4.2020042411.01h,legacy,WatershedFraction,pygrib:tp
2020-04-24 12:00:00+00:00,0.11729402262338927,ST4.2020042412.01h,legacy,WatershedFraction,pygrib:tp
2020-04-24 13:00:00+00:00,0.1701055706827066,ST4.2020042413.01h,legacy,WatershedFraction,pygrib:tp
2020-04-24 14:00:00+00:00,0.05468675076857224,ST4.2020042414.01h,legacy,WatershedFraction,pygrib:tp
2020-04-24 15:00:00+00:00,0.03091371801591412,ST4.2020042415.01h,legacy,WatershedFraction,pygrib:tp
2020-04-24 16:00:00+00:00,0.0,ST4.2020042416.01h,legacy,WatershedFraction,pygrib:tp
2020-04-24 17:00:00+00:00,0.0,ST4.2020042417.01h,legacy,WatershedFraction,pygrib:tp
2020-04-24 18:00:00+00:00,0.0,ST4.2020042418.01h,legacy,WatershedFraction,pygrib:tp
2020-04-24 19:00:00+00:00,0.0,ST4.2020042419.01h,legacy,WatershedFraction,pygrib:tp
2020-04-24 20:00:00+00:00,0.0,ST4.2020042420.01h,legacy,WatershedFraction,pygrib:tp
2020-04-24 21:00:00+00:00,0.0,ST4.2020042421.01h,legacy,WatershedFraction,pygrib:tp
2020-04-24 22:00:00+00:00,0.0,ST4.2020042422.01h,legacy,WatershedFraction,pygrib:tp
2020-04-24 23:00:00+00:00,0.0,ST4.2020042423.01h,legacy,WatershedFraction,pygrib:tp
2020-04-25 00:00:00+00:00,0.0,ST4.2020042500.01h,legacy,WatershedFraction,pygrib:tp
2020-04-25 01:00:00+00:00,0.0,ST4.2020042501.01h,legacy,WatershedFraction,pygrib:tp
2020-04-25 02:00:00+00:00,0.0,ST4.2020042502.01h,legacy,WatershedFraction,pygrib:tp
2020-04-25 03:00:00+00:00,0.0,ST4.2020042503.01h,legacy,WatershedFraction,pygrib:tp
2020-04-25 04:00:00+00:00,0.0,ST4.2020042504.01h,legacy,WatershedFraction,pygrib:tp
2020-04-25 05:00:00+00:00,0.0,ST4.2020042505.01h,legacy,WatershedFraction,pygrib:tp
2020-04-25 06:00:00+00:00,0.0,ST4.2020042506.01h,legacy,WatershedFraction,pygrib:tp
2020-04-25 07:00:00+00:00,0.0,ST4.2020042507.01h,legacy,WatershedFraction,pygrib:tp
2020-04-25 08:00:00+00:00,0.0,ST4.2020042508.01h,legacy,WatershedFraction,pygrib:tp
2020-04-25 09:00:00+00:00,0.0,ST4.2020042509.01h,legacy,WatershedFraction,pygrib:tp
2020-04-25 10:00:00+00:00,0.0,ST4.2020042510.01h,legacy,WatershedFraction,pygrib:tp
2020-04-25 11:00:00+00:00,0.0,ST4.2020042511.01h,legacy,WatershedFraction,pygrib:tp
2020-04-25 12:00:00+00:00,0.0,ST4.2020042512.01h,legacy,WatershedFraction,pygrib:tp
2020-04-25 13:00:00+00:00,0.0,ST4.2020042513.01h,legacy,WatershedFraction,pygrib:tp
2020-04-25 14:00:00+00:00,0.0,ST4.2020042514.01h,legacy,WatershedFraction,pygrib:tp
2020-04-25 15:00:00+00:00,0.0,ST4.2020042515.01h,legacy,WatershedFraction,pygrib:tp
2020-04-25 16:00:00+00:00,0.0,ST4.2020042516.01h,legacy,WatershedFraction,pygrib:tp
2020-04-25 17:00:00+00:00,0.0,ST4.2020042517.01h,legacy,WatershedFraction,pygrib:tp
2020-04-25 18:00:00+00:00,0.0,ST4.2020042518.01h,legacy,WatershedFraction,pygrib:tp
2020-04-25 19:00:00+00:00,0.0,ST4.2020042519.01h,legacy,WatershedFraction,pygrib:tp
2020-04-25 20:00:00+00:00,0.0,ST4.2020042520.01h,legacy,WatershedFraction,pygrib:tp
2020-04-25 21:00:00+00:00,0.0,ST4.2020042521.01h,legacy,WatershedFraction,pygrib:tp
2020-04-25 22:00:00+00:00,0.0,ST4.2020042522.01h,legacy,WatershedFraction,pygrib:tp
2020-04-25 23:00:00+00:00,0.0,ST4.2020042523.01h,legacy,WatershedFraction,pygrib:tp
2020-04-26 00:00:00+00:00,0.0,ST4.2020042600.01h,legacy,WatershedFraction,pygrib:tp
2020-04-26 01:00:00+00:00,0.0,ST4.2020042601.01h,legacy,WatershedFraction,pygrib:tp
2020-04-26 02:00:00+00:00,0.0,ST4.2020042602.01h,legacy,WatershedFraction,pygrib:tp
2020-04-26 03:00:00+00:00,0.0,ST4.2020042603.01h,legacy,WatershedFraction,pygrib:tp
2020-04-26 04:00:00+00:00,0.018871229120653928,ST4.2020042604.01h,legacy,WatershedFraction,pygrib:tp
2020-04-26 05:00:00+00:00,0.021472230027453593,ST4.2020042605.01h,legacy,WatershedFraction,pygrib:tp
2020-04-26 06:00:00+00:00,0.010610075383777846,ST4.2020042606.01h,legacy,WatershedFraction,pygrib:tp
2020-04-26 07:00:00+00:00,0.0,ST4.2020042607.01h,legacy,WatershedFraction,pygrib:tp
2020-04-26 08:00:00+00:00,0.008970428304111789,ST4.2020042608.01h,legacy,WatershedFraction,pygrib:tp
2020-04-26 09:00:00+00:00,0.0,ST4.2020042609.01h,legacy,WatershedFraction,pygrib:tp
2020-04-26 10:00:00+00:00,0.0,ST4.2020042610.01h,legacy,WatershedFraction,pygrib:tp
2020-04-26 11:00:00+00:00,0.0,ST4.2020042611.01h,legacy,WatershedFraction,pygrib:tp
2020-04-26 12:00:00+00:00,0.03514755005408998,ST4.2020042612.01h,legacy,WatershedFraction,pygrib:tp
2020-04-26 13:00:00+00:00,0.03815708955098572,ST4.2020042613.01h,legacy,WatershedFraction,pygrib:tp
2020-04-26 14:00:00+00:00,0.0,ST4.2020042614.01h,legacy,WatershedFraction,pygrib:tp
2020-04-26 15:00:00+00:00,0.0,ST4.2020042615.01h,legacy,WatershedFraction,pygrib:tp
2020-04-26 16:00:00+00:00,0.0071359336860770785,ST4.2020042616.01h,legacy,WatershedFraction,pygrib:tp
2020-04-26 17:00:00+00:00,0.006447306373259486,ST4.2020042617.01h,legacy,WatershedFraction,pygrib:tp
2020-04-26 18:00:00+00:00,0.0,ST4.2020042618.01h,legacy,WatershedFraction,pygrib:tp
2020-04-26 19:00:00+00:00,0.0,ST4.2020042619.01h,legacy,WatershedFraction,pygrib:tp
2020-04-26 20:00:00+00:00,0.04894420872407287,ST4.2020042620.01h,legacy,WatershedFraction,pygrib:tp
2020-04-26 21:00:00+00:00,0.010225071647968896,ST4.2020042621.01h,legacy,WatershedFraction,pygrib:tp
2020-04-26 22:00:00+00:00,0.08404550757393488,ST4.2020042622.01h,legacy,WatershedFraction,pygrib:tp
2020-04-26 23:00:00+00:00,0.0,ST4.2020042623.01h,legacy,WatershedFraction,pygrib:tp
2020-04-27 00:00:00+00:00,0.0,ST4.2020042700.01h,legacy,WatershedFraction,pygrib:tp
2020-04-27 01:00:00+00:00,0.0,ST4.2020042701.01h,legacy,WatershedFraction,pygrib:tp
2020-04-27 02:00:00+00:00,0.0,ST4.2020042702.01h,legacy,WatershedFraction,pygrib:tp
2020-04-27 03:00:00+00:00,0.0,ST4.2020042703.01h,legacy,WatershedFraction,pygrib:tp
2020-04-27 04:00:00+00:00,0.0,ST4.2020042704.01h,legacy,WatershedFraction,pygrib:tp
2020-04-27 05:00:00+00:00,0.0,ST4.2020042705.01h,legacy,WatershedFraction,pygrib:tp
2020-04-27 06:00:00+00:00,0.0,ST4.2020042706.01h,legacy,WatershedFraction,pygrib:tp
2020-04-27 07:00:00+00:00,0.0,ST4.2020042707.01h,legacy,WatershedFraction,pygrib:tp
2020-04-27 08:00:00+00:00,0.0,ST4.2020042708.01h,legacy,WatershedFraction,pygrib:tp
2020-04-27 09:00:00+00:00,0.0,ST4.2020042709.01h,legacy,WatershedFraction,pygrib:tp
2020-04-27 10:00:00+00:00,0.0,ST4.2020042710.01h,legacy,WatershedFraction,pygrib:tp
2020-04-27 11:00:00+00:00,0.0,ST4.2020042711.01h,legacy,WatershedFraction,pygrib:tp
2020-04-27 12:00:00+00:00,0.0,ST4.2020042712.01h,legacy,WatershedFraction,pygrib:tp
2020-04-27 13:00:00+00:00,0.0,ST4.2020042713.01h,legacy,WatershedFraction,pygrib:tp
2020-04-27 14:00:00+00:00,0.0,ST4.2020042714.01h,legacy,WatershedFraction,pygrib:tp
2020-04-27 15:00:00+00:00,0.0,ST4.2020042715.01h,legacy,WatershedFraction,pygrib:tp
2020-04-27 16:00:00+00:00,0.0,ST4.2020042716.01h,legacy,WatershedFraction,pygrib:tp
2020-04-27 17:00:00+00:00,0.0,ST4.2020042717.01h,legacy,WatershedFraction,pygrib:tp
2020-04-27 18:00:00+00:00,0.0,ST4.2020042718.01h,legacy,WatershedFraction,pygrib:tp
2020-04-27 19:00:00+00:00,0.0,ST4.2020042719.01h,legacy,WatershedFraction,pygrib:tp
2020-04-27 20:00:00+00:00,0.0,ST4.2020042720.01h,legacy,WatershedFraction,pygrib:tp
2020-04-27 21:00:00+00:00,0.0,ST4.2020042721.01h,legacy,WatershedFraction,pygrib:tp
2020-04-27 22:00:00+00:00,0.0,ST4.2020042722.01h,legacy,WatershedFraction,pygrib:tp
2020-04-27 23:00:00+00:00,0.0012120478501184131,ST4.2020042723.01h,legacy,WatershedFraction,pygrib:tp
2020-04-28 00:00:00+00:00,0.0,ST4.2020042800.01h,legacy,WatershedFraction,pygrib:tp
2020-04-28 01:00:00+00:00,0.0,ST4.2020042801.01h,legacy,WatershedFraction,pygrib:tp
2020-04-28 02:00:00+00:00,0.0,ST4.2020042802.01h,legacy,WatershedFraction,pygrib:tp
2020-04-28 03:00:00+00:00,0.0,ST4.2020042803.01h,legacy,WatershedFraction,pygrib:tp
2020-04-28 04:00:00+00:00,0.0,ST4.2020042804.01h,legacy,WatershedFraction,pygrib:tp
2020-04-28 05:00:00+00:00,0.0,ST4.2020042805.01h,legacy,WatershedFraction,pygrib:tp
2020-04-28 06:00:00+00:00,0.0,ST4.2020042806.01h,legacy,WatershedFraction,pygrib:tp
2020-04-28 07:00:00+00:00,0.0,ST4.2020042807.01h,legacy,WatershedFraction,pygrib:tp
2020-04-28 08:00:00+00:00,0.0,ST4.2020042808.01h,legacy,WatershedFraction,pygrib:tp
2020-04-28 09:00:00+00:00,0.0,ST4.2020042809.01h,legacy,WatershedFraction,pygrib:tp
2020-04-28 10:00:00+00:00,0.0,ST4.2020042810.01h,legacy,WatershedFraction,pygrib:tp
2020-04-28 11:00:00+00:00,0.0,ST4.2020042811.01h,legacy,WatershedFraction,pygrib:tp
2020-04-28 12:00:00+00:00,0.0,ST4.2020042812.01h,legacy,WatershedFraction,pygrib:tp
2020-04-28 13:00:00+00:00,0.0,ST4.2020042813.01h,legacy,WatershedFraction,pygrib:tp
2020-04-28 14:00:00+00:00,0.0,ST4.2020042814.01h,legacy,WatershedFraction,pygrib:tp
2020-04-28 15:00:00+00:00,0.0,ST4.2020042815.01h,legacy,WatershedFraction,pygrib:tp
2020-04-28 16:00:00+00:00,0.0,ST4.2020042816.01h,legacy,WatershedFraction,pygrib:tp
2020-04-28 17:00:00+00:00,0.0,ST4.2020042817.01h,legacy,WatershedFraction,pygrib:tp
2020-04-28 18:00:00+00:00,0.0,ST4.2020042818.01h,legacy,WatershedFraction,pygrib:tp
2020-04-28 19:00:00+00:00,0.0,ST4.2020042819.01h,legacy,WatershedFraction,pygrib:tp
2020-04-28 20:00:00+00:00,0.0,ST4.2020042820.01h,legacy,WatershedFraction,pygrib:tp
2020-04-28 21:00:00+00:00,0.0,ST4.2020042821.01h,legacy,WatershedFraction,pygrib:tp
2020-04-28 22:00:00+00:00,0.0,ST4.2020042822.01h,legacy,WatershedFraction,pygrib:tp
2020-04-28 23:00:00+00:00,0.0,ST4.2020042823.01h,legacy,WatershedFraction,pygrib:tp
2020-04-29 00:00:00+00:00,0.0,ST4.2020042900.01h,legacy,WatershedFraction,pygrib:tp
2020-04-29 01:00:00+00:00,0.0,ST4.2020042901.01h,legacy,WatershedFraction,pygrib:tp
2020-04-29 02:00:00+00:00,0.0,ST4.2020042902.01h,legacy,WatershedFraction,pygrib:tp
2020-04-29 03:00:00+00:00,0.0,ST4.2020042903.01h,legacy,WatershedFraction,pygrib:tp
2020-04-29 04:00:00+00:00,0.0,ST4.2020042904.01h,legacy,WatershedFraction,pygrib:tp
2020-04-29 05:00:00+00:00,0.0,ST4.2020042905.01h,legacy,WatershedFraction,pygrib:tp
2020-04-29 06:00:00+00:00,0.0,ST4.2020042906.01h,legacy,WatershedFraction,pygrib:tp
2020-04-29 07:00:00+00:00,0.0,ST4.2020042907.01h,legacy,WatershedFraction,pygrib:tp
2020-04-29 08:00:00+00:00,0.0,ST4.2020042908.01h,legacy,WatershedFraction,pygrib:tp
2020-04-29 09:00:00+00:00,0.0,ST4.2020042909.01h,legacy,WatershedFraction,pygrib:tp
2020-04-29 10:00:00+00:00,0.0,ST4.2020042910.01h,legacy,WatershedFraction,pygrib:tp
2020-04-29 11:00:00+00:00,0.0,ST4.2020042911.01h,legacy,WatershedFraction,pygrib:tp
2020-04-29 12:00:00+00:00,0.0,ST4.2020042912.01h,legacy,WatershedFraction,pygrib:tp
2020-04-29 13:00:00+00:00,0.0,ST4.2020042913.01h,legacy,WatershedFraction,pygrib:tp
2020-04-29 14:00:00+00:00,0.0,ST4.2020042914.01h,legacy,WatershedFraction,pygrib:tp
2020-04-29 15:00:00+00:00,0.0,ST4.2020042915.01h,legacy,WatershedFraction,pygrib:tp
2020-04-29 16:00:00+00:00,0.0,ST4.2020042916.01h,legacy,WatershedFraction,pygrib:tp
2020-04-29 17:00:00+00:00,0.0,ST4.2020042917.01h,legacy,WatershedFraction,pygrib:tp
2020-04-29 18:00:00+00:00,0.0,ST4.2020042918.01h,legacy,WatershedFraction,pygrib:tp
2020-04-29 19:00:00+00:00,0.0,ST4.2020042919.01h,legacy,WatershedFraction,pygrib:tp
2020-04-29 20:00:00+00:00,0.0,ST4.2020042920.01h,legacy,WatershedFraction,pygrib:tp
2020-04-29 21:00:00+00:00,0.0,ST4.2020042921.01h,legacy,WatershedFraction,pygrib:tp
2020-04-29 22:00:00+00:00,0.0,ST4.2020042922.01h,legacy,WatershedFraction,pygrib:tp
2020-04-29 23:00:00+00:00,0.0,ST4.2020042923.01h,legacy,WatershedFraction,pygrib:tp
2020-04-30 00:00:00+00:00,0.0,ST4.2020043000.01h,legacy,WatershedFraction,pygrib:tp
2020-04-30 01:00:00+00:00,0.0,ST4.2020043001.01h,legacy,WatershedFraction,pygrib:tp
2020-04-30 02:00:00+00:00,0.0,ST4.2020043002.01h,legacy,WatershedFraction,pygrib:tp
2020-04-30 03:00:00+00:00,0.0,ST4.2020043003.01h,legacy,WatershedFraction,pygrib:tp
2020-04-30 04:00:00+00:00,0.0,ST4.2020043004.01h,legacy,WatershedFraction,pygrib:tp
2020-04-30 05:00:00+00:00,0.0,ST4.2020043005.01h,legacy,WatershedFraction,pygrib:tp
2020-04-30 06:00:00+00:00,0.0,ST4.2020043006.01h,legacy,WatershedFraction,pygrib:tp
2020-04-30 07:00:00+00:00,0.0,ST4.2020043007.01h,legacy,WatershedFraction,pygrib:tp
2020-04-30 08:00:00+00:00,0.0,ST4.2020043008.01h,legacy,WatershedFraction,pygrib:tp
2020-04-30 09:00:00+00:00,0.0,ST4.2020043009.01h,legacy,WatershedFraction,pygrib:tp
2020-04-30 10:00:00+00:00,0.0,ST4.2020043010.01h,legacy,WatershedFraction,pygrib:tp
2020-04-30 11:00:00+00:00,0.0,ST4.2020043011.01h,legacy,WatershedFraction,pygrib:tp
2020-04-30 12:00:00+00:00,0.0,ST4.2020043012.01h,legacy,WatershedFraction,pygrib:tp
2020-04-30 13:00:00+00:00,0.0,ST4.2020043013.01h,legacy,WatershedFraction,pygrib:tp
2020-04-30 14:00:00+00:00,0.0,ST4.2020043014.01h,legacy,WatershedFraction,pygrib:tp
2020-04-30 15:00:00+00:00,0.021801965428541768,ST4.2020043015.01h,legacy,WatershedFraction,pygrib:tp
2020-04-30 16:00:00+00:00,0.004385991169373538,ST4.2020043016.01h,legacy,WatershedFraction,pygrib:tp
2020-04-30 17:00:00+00:00,0.0,ST4.2020043017.01h,legacy,WatershedFraction,pygrib:tp
2020-04-30 18:00:00+00:00,0.0,ST4.2020043018.01h,legacy,WatershedFraction,pygrib:tp
2020-04-30 19:00:00+00:00,0.0,ST4.2020043019.01h,legacy,WatershedFraction,pygrib:tp
2020-04-30 20:00:00+00:00,0.00020313002282485392,ST4.2020043020.01h,legacy,WatershedFraction,pygrib:tp
2020-04-30 21:00:00+00:00,0.021888260156728498,ST4.2020043021.01h,legacy,WatershedFraction,pygrib:tp
2020-04-30 22:00:00+00:00,0.10319466990442157,ST4.2020043022.01h,legacy,WatershedFraction,pygrib:tp
2020-04-30 23:00:00+00:00,0.16330846531564996,ST4.2020043023.01h,legacy,WatershedFraction,pygrib:tp
